paper_id,paper_short_name,plot_id,plot_title,source_figure,row_index,x_variable,y_variable,x_description,y_description,doi,li2020_air_stone_x,li2020_air_stone_y,gap_1,li2020_single_orifice_x,li2020_single_orifice_y,gap_2,milgram83_x,milgram83_y,gap_3,fs80_x,fs80_y,gap_4,mv82_x,mv82_y
li_2020,Li et al. 2020,figure_10a,Plume half-width scaling,Figure 10a,1,z_hat,b_g_over_D,z/D,"b_g/D, nondimensional plume half-width",https://doi.org/10.1016/j.ijmultiphaseflow.2020.103230,1.804721767,0.308207933,,5.375697009750412,1.0180804577672387,,0.03,0.01,,0.0,0.0,,0.269069365,0.03
li_2020,Li et al. 2020,figure_10a,Plume half-width scaling,Figure 10a,2,z_hat,b_g_over_D,z/D,"b_g/D, nondimensional plume half-width",https://doi.org/10.1016/j.ijmultiphaseflow.2020.103230,2.317434892,0.351268289,,6.143357615657407,1.0743069978730817,,0.07,0.01067573,,0.01,0.0,,0.408187526,0.04
li_2020,Li et al. 2020,figure_10a,Plume half-width scaling,Figure 10a,3,z_hat,b_g_over_D,z/D,"b_g/D, nondimensional plume half-width",https://doi.org/10.1016/j.ijmultiphaseflow.2020.103230,2.776124341,0.39,,6.567367271881871,1.154135525679073,,0.08,0.011504081,,0.01,0.0,,0.531484001,0.053231209
li_2020,Li et al. 2020,figure_10a,Plume half-width scaling,Figure 10a,4,z_hat,b_g_over_D,z/D,"b_g/D, nondimensional plume half-width",https://doi.org/10.1016/j.ijmultiphaseflow.2020.103230,3.419295633,0.447832511,,7.307488085630809,1.239895871730956,,0.120209743,0.017030889,,0.013387418,0.0,,0.546457714,0.05
li_2020,Li et al. 2020,figure_10a,Plume half-width scaling,Figure 10a,5,z_hat,b_g_over_D,z/D,"b_g/D, nondimensional plume half-width",https://doi.org/10.1016/j.ijmultiphaseflow.2020.103230,3.419295633,0.520025141,,7.916819159262985,1.308372831903477,,0.15,0.022122163,,0.016953561,0.0,,0.654617986,0.058443239
li_2020,Li et al. 2020,figure_10a,Plume half-width scaling,Figure 10a,6,z_hat,b_g_over_D,z/D,"b_g/D, nondimensional plume half-width",https://doi.org/10.1016/j.ijmultiphaseflow.2020.103230,3.821220611,0.550003067,,8.69221449611507,1.4568811511326747,,0.1677784,0.022122163,,0.05,0.01,,0.806279599,0.07
li_2020,Li et al. 2020,figure_10a,Plume half-width scaling,Figure 10a,7,z_hat,b_g_over_D,z/D,"b_g/D, nondimensional plume half-width",https://doi.org/10.1016/j.ijmultiphaseflow.2020.103230,3.87467512,0.482580734,,8.927392672279097,1.2851369672421384,,0.172505288,0.03,,0.07,0.010284197,,1.06450896,0.09
li_2020,Li et al. 2020,figure_10a,Plume half-width scaling,Figure 10a,8,z_hat,b_g_over_D,z/D,"b_g/D, nondimensional plume half-width",https://doi.org/10.1016/j.ijmultiphaseflow.2020.103230,4.270390317,0.592678909,,9.417010257544185,1.5100395661331372,,0.172505288,0.018698436,,0.1,0.013610505,,1.275207017,0.100468148
li_2020,Li et al. 2020,figure_10a,Plume half-width scaling,Figure 10a,9,z_hat,b_g_over_D,z/D,"b_g/D, nondimensional plume half-width",https://doi.org/10.1016/j.ijmultiphaseflow.2020.103230,4.330128197,0.520025141,,9.801766396002877,1.6222460729620616,,0.251014229,0.035956792,,0.132486597,0.018698436,,1.5276085,0.09
li_2020,Li et al. 2020,figure_10a,Plume half-width scaling,Figure 10a,10,z_hat,b_g_over_D,z/D,"b_g/D, nondimensional plume half-width",https://doi.org/10.1016/j.ijmultiphaseflow.2020.103230,4.83911802,0.560374935,,10.066964815258187,1.380631637133618,,0.322326213,0.05,,0.144002835,0.02,,1.907844553,0.140628396
li_2020,Li et al. 2020,figure_10a,Plume half-width scaling,Figure 10a,11,z_hat,b_g_over_D,z/D,"b_g/D, nondimensional plume half-width",https://doi.org/10.1016/j.ijmultiphaseflow.2020.103230,5.716950136,0.675483281,,10.906393413323302,1.4055940891409269,,0.360214413,0.05,,0.14601727,0.01801267,,2.484125048,0.17928737
li_2020,Li et al. 2020,figure_10a,Plume half-width scaling,Figure 10a,12,z_hat,b_g_over_D,z/D,"b_g/D, nondimensional plume half-width",https://doi.org/10.1016/j.ijmultiphaseflow.2020.103230,6.388955515,0.714422914,,11.201478827128854,1.4832222292576152,,0.77,0.08,,0.19821396,0.022122163,,3.017435594,0.19
li_2020,Li et al. 2020,figure_10a,Plume half-width scaling,Figure 10a,13,z_hat,b_g_over_D,z/D,"b_g/D, nondimensional plume half-width",https://doi.org/10.1016/j.ijmultiphaseflow.2020.103230,6.848504994,0.755607302,,12.463848857844448,1.5100395661331372,,0.85,0.08,,0.218457277,0.03,,4.514402748,0.28072162
li_2020,Li et al. 2020,figure_10a,Plume half-width scaling,Figure 10a,14,z_hat,b_g_over_D,z/D,"b_g/D, nondimensional plume half-width",https://doi.org/10.1016/j.ijmultiphaseflow.2020.103230,7.54793331,0.799165849,,12.973091412086672,1.5651376157312225,,1.934533118,0.166377784,,0.24755127,0.027169214,,6.043619784,0.332122405
li_2020,Li et al. 2020,figure_10a,Plume half-width scaling,Figure 10a,15,z_hat,b_g_over_D,z/D,"b_g/D, nondimensional plume half-width",https://doi.org/10.1016/j.ijmultiphaseflow.2020.103230,8.090846594,0.829591125,,13.868483862590919,1.6222460729620616,,2.9347536,0.212115306,,0.288423183,0.035291275,,,
li_2020,Li et al. 2020,figure_10a,Plume half-width scaling,Figure 10a,16,z_hat,b_g_over_D,z/D,"b_g/D, nondimensional plume half-width",https://doi.org/10.1016/j.ijmultiphaseflow.2020.103230,8.917153535,0.877414623,,25.626875096042937,3.092234160141469,,3.768503553,0.250954114,,0.296549046,0.03,,,
li_2020,Li et al. 2020,figure_10a,Plume half-width scaling,Figure 10a,17,z_hat,b_g_over_D,z/D,"b_g/D, nondimensional plume half-width",https://doi.org/10.1016/j.ijmultiphaseflow.2020.103230,,,,32.586932292754,3.633383871590325,,4.21,0.28072162,,0.370362879,0.04,,,
li_2020,Li et al. 2020,figure_10a,Plume half-width scaling,Figure 10a,18,z_hat,b_g_over_D,z/D,"b_g/D, nondimensional plume half-width",https://doi.org/10.1016/j.ijmultiphaseflow.2020.103230,,,,37.240413347049355,3.973944430566748,,,,,0.437547938,0.049398296,,,
li_2020,Li et al. 2020,figure_10a,Plume half-width scaling,Figure 10a,19,z_hat,b_g_over_D,z/D,"b_g/D, nondimensional plume half-width",https://doi.org/10.1016/j.ijmultiphaseflow.2020.103230,,,,44.2972546712809,4.4250114305098,,,,,0.585763725,0.06,,,
li_2020,Li et al. 2020,figure_10a,Plume half-width scaling,Figure 10a,20,z_hat,b_g_over_D,z/D,"b_g/D, nondimensional plume half-width",https://doi.org/10.1016/j.ijmultiphaseflow.2020.103230,,,,50.622993882269434,4.927277293947934,,,,,0.741799568,0.07,,,
li_2020,Li et al. 2020,figure_10a,Plume half-width scaling,Figure 10a,21,z_hat,b_g_over_D,z/D,"b_g/D, nondimensional plume half-width",https://doi.org/10.1016/j.ijmultiphaseflow.2020.103230,,,,57.08496500196352,5.293408477349406,,,,,,,,,
li_2020,Li et al. 2020,figure_10a,Plume half-width scaling,Figure 10a,22,z_hat,b_g_over_D,z/D,"b_g/D, nondimensional plume half-width",https://doi.org/10.1016/j.ijmultiphaseflow.2020.103230,,,,63.51825386810842,5.486553405051392,,,,,,,,,
li_2020,Li et al. 2020,figure_10a,Plume half-width scaling,Figure 10a,23,z_hat,b_g_over_D,z/D,"b_g/D, nondimensional plume half-width",https://doi.org/10.1016/j.ijmultiphaseflow.2020.103230,,,,67.90223322785677,5.585752802179124,,,,,,,,,
li_2020,Li et al. 2020,figure_10b,Centerline velocity scaling,Figure 10b,1,z_hat,W_c_over_W_s,z/D,"W_c/W_s, centerline velocity normalized by bubble slip velocity",https://doi.org/10.1016/j.ijmultiphaseflow.2020.103230,2.026834,0.945387,,5.866679600767947,0.3534981105030108,,0.007401,6.032368,,0.001351,3.321555,,0.068427,2.906797
li_2020,Li et al. 2020,figure_10b,Centerline velocity scaling,Figure 10b,2,z_hat,W_c_over_W_s,z/D,"W_c/W_s, centerline velocity normalized by bubble slip velocity",https://doi.org/10.1016/j.ijmultiphaseflow.2020.103230,2.402602,0.887505,,6.8200485445473,0.3534981105030108,,0.015399,4.955893,,0.004744,2.989577,,0.133352,2.561749
li_2020,Li et al. 2020,figure_10b,Centerline velocity scaling,Figure 10b,3,z_hat,W_c_over_W_s,z/D,"W_c/W_s, centerline velocity normalized by bubble slip velocity",https://doi.org/10.1016/j.ijmultiphaseflow.2020.103230,2.73842,0.86293,,7.829480918738424,0.3487562458785949,,0.036998,4.398379,,0.008111,2.906797,,0.205353,1.921041
li_2020,Li et al. 2020,figure_10b,Centerline velocity scaling,Figure 10b,4,z_hat,W_c_over_W_s,z/D,"W_c/W_s, centerline velocity normalized by bubble slip velocity",https://doi.org/10.1016/j.ijmultiphaseflow.2020.103230,3.001047,0.844947,,8.876236861786644,0.35830444789424304,,0.061627,3.795494,,0.011548,2.748048,,0.320392,2.21061
li_2020,Li et al. 2020,figure_10b,Centerline velocity scaling,Figure 10b,5,z_hat,W_c_over_W_s,z/D,"W_c/W_s, centerline velocity normalized by bubble slip velocity",https://doi.org/10.1016/j.ijmultiphaseflow.2020.103230,3.288861,0.827338,,9.570319363588741,0.3631761346563262,,0.096151,3.344955,,0.015002,2.421845,,0.337605,1.693006
li_2020,Li et al. 2020,figure_10b,Centerline velocity scaling,Figure 10b,6,z_hat,W_c_over_W_s,z/D,"W_c/W_s, centerline velocity normalized by bubble slip velocity",https://doi.org/10.1016/j.ijmultiphaseflow.2020.103230,3.651741,0.810096,,10.318676050139315,0.36073206735248836,,0.12822,3.162278,,0.018254,2.321954,,0.405466,1.704933
li_2020,Li et al. 2020,figure_10b,Centerline velocity scaling,Figure 10b,7,z_hat,W_c_over_W_s,z/D,"W_c/W_s, centerline velocity normalized by bubble slip velocity",https://doi.org/10.1016/j.ijmultiphaseflow.2020.103230,3.847931,0.624787,,11.408294097495238,0.37060814181225005,,0.140516,3.39225,,0.020268,3.20699,,0.468225,1.545341
li_2020,Li et al. 2020,figure_10b,Centerline velocity scaling,Figure 10b,8,z_hat,W_c_over_W_s,z/D,"W_c/W_s, centerline velocity normalized by bubble slip velocity",https://doi.org/10.1016/j.ijmultiphaseflow.2020.103230,4.054661,0.776683,,12.772238803298974,0.36073206735248836,,0.164403,3.344955,,0.030406,2.767408,,0.592553,1.657724
li_2020,Li et al. 2020,figure_10b,Centerline velocity scaling,Figure 10b,9,z_hat,W_c_over_W_s,z/D,"W_c/W_s, centerline velocity normalized by bubble slip velocity",https://doi.org/10.1016/j.ijmultiphaseflow.2020.103230,4.443521,0.760497,,13.770971441943678,0.37060814181225005,,0.175517,3.20699,,0.060826,2.806537,,0.675376,1.58935
li_2020,Li et al. 2020,figure_10b,Centerline velocity scaling,Figure 10b,10,z_hat,W_c_over_W_s,z/D,"W_c/W_s, centerline velocity normalized by bubble slip velocity",https://doi.org/10.1016/j.ijmultiphaseflow.2020.103230,4.443521,0.594826,,28.51286592616102,0.37060814181225005,,0.182542,3.229582,,0.069328,2.989577,,0.759769,1.881006
li_2020,Li et al. 2020,figure_10b,Centerline velocity scaling,Figure 10b,11,z_hat,W_c_over_W_s,z/D,"W_c/W_s, centerline velocity normalized by bubble slip velocity",https://doi.org/10.1016/j.ijmultiphaseflow.2020.103230,4.869675,0.760497,,32.73304262414791,0.3756471157602371,,0.202683,2.767408,,0.104003,2.579796,,0.936679,1.278519
li_2020,Li et al. 2020,figure_10b,Centerline velocity scaling,Figure 10b,12,z_hat,W_c_over_W_s,z/D,"W_c/W_s, centerline velocity normalized by bubble slip velocity",https://doi.org/10.1016/j.ijmultiphaseflow.2020.103230,5.198872,0.578356,,37.57784581209746,0.3781922369637631,,0.296204,2.508362,,0.121682,2.786904,,0.961512,1.502551
li_2020,Li et al. 2020,figure_10b,Centerline velocity scaling,Figure 10b,13,z_hat,W_c_over_W_s,z/D,"W_c/W_s, centerline velocity normalized by bubble slip velocity",https://doi.org/10.1016/j.ijmultiphaseflow.2020.103230,5.772496,0.586533,,41.54594198826008,0.3807546021222374,,0.308061,2.456088,,0.170984,2.561749,,1.185396,1.420493
li_2020,Li et al. 2020,figure_10b,Centerline velocity scaling,Figure 10b,14,z_hat,W_c_over_W_s,z/D,"W_c/W_s, centerline velocity normalized by bubble slip velocity",https://doi.org/10.1016/j.ijmultiphaseflow.2020.103230,6.082623,0.624787,,45.9330559905645,0.3631761346563262,,0.342051,2.616272,,0.18017,2.321954,,1.580752,1.305731
li_2020,Li et al. 2020,figure_10b,Centerline velocity scaling,Figure 10b,15,z_hat,W_c_over_W_s,z/D,"W_c/W_s, centerline velocity normalized by bubble slip velocity",https://doi.org/10.1016/j.ijmultiphaseflow.2020.103230,6.493816,0.562341,,49.524818007934726,0.35830444789424304,,0.365174,2.273565,,0.210797,2.119432,,2.192346,1.183507
li_2020,Li et al. 2020,figure_10b,Centerline velocity scaling,Figure 10b,16,z_hat,W_c_over_W_s,z/D,"W_c/W_s, centerline velocity normalized by bubble slip velocity",https://doi.org/10.1016/j.ijmultiphaseflow.2020.103230,6.842696,0.603237,,54.07170041754047,0.36073206735248836,,0.480638,2.354785,,0.216385,2.388079,,2.280103,1.243118
li_2020,Li et al. 2020,figure_10b,Centerline velocity scaling,Figure 10b,17,z_hat,W_c_over_W_s,z/D,"W_c/W_s, centerline velocity normalized by bubble slip velocity",https://doi.org/10.1016/j.ijmultiphaseflow.2020.103230,7.597694,0.586533,,57.57288380462642,0.35830444789424304,,0.71166,2.388079,,0.253168,2.089883,,2.774481,1.269576
li_2020,Li et al. 2020,figure_10b,Centerline velocity scaling,Figure 10b,18,z_hat,W_c_over_W_s,z/D,"W_c/W_s, centerline velocity normalized by bubble slip velocity",https://doi.org/10.1016/j.ijmultiphaseflow.2020.103230,8.326348,0.570292,,60.536366290285095,0.3558931655924842,,0.821812,2.134363,,0.273842,2.17979,,3.797917,0.912779
li_2020,Li et al. 2020,figure_10b,Centerline velocity scaling,Figure 10b,19,z_hat,W_c_over_W_s,z/D,"W_c/W_s, centerline velocity normalized by bubble slip velocity",https://doi.org/10.1016/j.ijmultiphaseflow.2020.103230,9.00628,0.562341,,65.27004264649622,0.3534981105030108,,1.519911,1.410556,,0.328886,2.0178,,5.267335,0.938774
li_2020,Li et al. 2020,figure_10b,Centerline velocity scaling,Figure 10b,20,z_hat,W_c_over_W_s,z/D,"W_c/W_s, centerline velocity normalized by bubble slip velocity",https://doi.org/10.1016/j.ijmultiphaseflow.2020.103230,,,,,,,2.371374,1.471238,,0.360428,1.790807,,6.579332,1.014139
li_2020,Li et al. 2020,figure_10b,Centerline velocity scaling,Figure 10b,21,z_hat,W_c_over_W_s,z/D,"W_c/W_s, centerline velocity normalized by bubble slip velocity",https://doi.org/10.1016/j.ijmultiphaseflow.2020.103230,,,,,,,3.465554,1.420493,,0.405466,1.867848,,,
li_2020,Li et al. 2020,figure_10b,Centerline velocity scaling,Figure 10b,22,z_hat,W_c_over_W_s,z/D,"W_c/W_s, centerline velocity normalized by bubble slip velocity",https://doi.org/10.1016/j.ijmultiphaseflow.2020.103230,,,,,,,4.054661,1.729039,,0.51313,1.556228,,,
li_2020,Li et al. 2020,figure_10b,Centerline velocity scaling,Figure 10b,23,z_hat,W_c_over_W_s,z/D,"W_c/W_s, centerline velocity normalized by bubble slip velocity",https://doi.org/10.1016/j.ijmultiphaseflow.2020.103230,,,,,,,4.328761,1.545341,,0.657933,1.669402,,,
li_2020,Li et al. 2020,figure_10b,Centerline velocity scaling,Figure 10b,24,z_hat,W_c_over_W_s,z/D,"W_c/W_s, centerline velocity normalized by bubble slip velocity",https://doi.org/10.1016/j.ijmultiphaseflow.2020.103230,,,,,,,,,,0.811131,1.634612,,,
li_2020,Li et al. 2020,figure_11a,Volume flux scaling,Figure 11a,1,z_hat,Q_over_D2_W_s,z/D,"Q/(D^2 W_s), nondimensional liquid volume flux",https://doi.org/10.1016/j.ijmultiphaseflow.2020.103230,2.023919,0.300405,,6.018055565953468,1.4438071974230198,,0.034415,0.000548,,0.003008,3e-06,,0.136364,0.002176
li_2020,Li et al. 2020,figure_11a,Volume flux scaling,Figure 11a,2,z_hat,Q_over_D2_W_s,z/D,"Q/(D^2 W_s), nondimensional liquid volume flux",https://doi.org/10.1016/j.ijmultiphaseflow.2020.103230,2.373699,0.347857,,6.274557182799642,1.527738698708757,,0.072092,0.001721,,0.006393,8e-06,,0.273449,0.005093
li_2020,Li et al. 2020,figure_11a,Volume flux scaling,Figure 11a,3,z_hat,Q_over_D2_W_s,z/D,"Q/(D^2 W_s), nondimensional liquid volume flux",https://doi.org/10.1016/j.ijmultiphaseflow.2020.103230,2.704453,0.402806,,7.013284392783201,1.6628722876614022,,0.078628,0.001486,,0.009735,1.5e-05,,0.398657,0.009158
li_2020,Li et al. 2020,figure_11a,Volume flux scaling,Figure 11a,4,z_hat,Q_over_D2_W_s,z/D,"Q/(D^2 W_s), nondimensional liquid volume flux",https://doi.org/10.1016/j.ijmultiphaseflow.2020.103230,2.993331,0.466434,,8.173098010646859,1.9700558012878144,,0.118012,0.003093,,0.0132,2.4e-05,,0.525056,0.012645
li_2020,Li et al. 2020,figure_11a,Volume flux scaling,Figure 11a,5,z_hat,Q_over_D2_W_s,z/D,"Q/(D^2 W_s), nondimensional liquid volume flux",https://doi.org/10.1016/j.ijmultiphaseflow.2020.103230,3.264905,0.439858,,8.640838562246442,2.4696649421837926,,0.153216,0.005093,,0.016407,3.4e-05,,0.532789,0.015078
li_2020,Li et al. 2020,figure_11a,Volume flux scaling,Figure 11a,6,z_hat,Q_over_D2_W_s,z/D,"Q/(D^2 W_s), nondimensional liquid volume flux",https://doi.org/10.1016/j.ijmultiphaseflow.2020.103230,3.36147,0.55619,,9.658156976445461,2.144313814840796,,0.167098,0.004148,,0.045322,0.000673,,0.652688,0.020218
li_2020,Li et al. 2020,figure_11a,Volume flux scaling,Figure 11a,7,z_hat,Q_over_D2_W_s,z/D,"Q/(D^2 W_s), nondimensional liquid volume flux",https://doi.org/10.1016/j.ijmultiphaseflow.2020.103230,3.720013,0.540112,,9.793469066156433,2.6881150524218165,,0.169555,0.004803,,0.067027,0.000985,,0.799385,0.020218
li_2020,Li et al. 2020,figure_11a,Volume flux scaling,Figure 11a,8,z_hat,Q_over_D2_W_s,z/D,"Q/(D^2 W_s), nondimensional liquid volume flux",https://doi.org/10.1016/j.ijmultiphaseflow.2020.103230,3.775321,0.767981,,11.25536327201121,2.613231677853353,,0.169594,0.00644,,0.094926,0.001721,,1.05306,0.03635
li_2020,Li et al. 2020,figure_11a,Volume flux scaling,Figure 11a,9,z_hat,Q_over_D2_W_s,z/D,"Q/(D^2 W_s), nondimensional liquid volume flux",https://doi.org/10.1016/j.ijmultiphaseflow.2020.103230,3.999733,0.607351,,12.406680237585336,2.9258878043056367,,0.24723,0.010604,,0.132502,0.002917,,1.271465,0.047332
li_2020,Li et al. 2020,figure_11a,Volume flux scaling,Figure 11a,10,z_hat,Q_over_D2_W_s,z/D,"Q/(D^2 W_s), nondimensional liquid volume flux",https://doi.org/10.1016/j.ijmultiphaseflow.2020.103230,4.42666,0.644046,,13.867365352097332,3.095975719400754,,0.316352,0.016465,,0.144533,0.003004,,1.53506,0.056441
li_2020,Li et al. 2020,figure_11a,Volume flux scaling,Figure 11a,11,z_hat,Q_over_D2_W_s,z/D,"Q/(D^2 W_s), nondimensional liquid volume flux",https://doi.org/10.1016/j.ijmultiphaseflow.2020.103230,4.492475,0.915764,,28.989161220038362,17.348574829775153,,0.355275,0.02082,,0.195949,0.004028,,1.90803,0.080253
li_2020,Li et al. 2020,figure_11a,Volume flux scaling,Figure 11a,12,z_hat,Q_over_D2_W_s,z/D,"Q/(D^2 W_s), nondimensional liquid volume flux",https://doi.org/10.1016/j.ijmultiphaseflow.2020.103230,4.759516,0.724223,,32.85612288866302,19.42421865872215,,0.598508,0.027109,,0.207663,0.004803,,2.477154,0.128316
li_2020,Li et al. 2020,figure_11a,Volume flux scaling,Figure 11a,13,z_hat,Q_over_D2_W_s,z/D,"Q/(D^2 W_s), nondimensional liquid volume flux",https://doi.org/10.1016/j.ijmultiphaseflow.2020.103230,5.193365,1.12449,,39.370067840222575,23.67190061697736,,0.765806,0.039694,,0.216909,0.005562,,3.034125,0.140119
li_2020,Li et al. 2020,figure_11a,Volume flux scaling,Figure 11a,14,z_hat,Q_over_D2_W_s,z/D,"Q/(D^2 W_s), nondimensional liquid volume flux",https://doi.org/10.1016/j.ijmultiphaseflow.2020.103230,6.179034,1.12449,,41.623188654889276,27.263576191131484,,0.860009,0.048741,,0.243547,0.005401,,4.552965,0.224036
li_2020,Li et al. 2020,figure_11a,Volume flux scaling,Figure 11a,15,z_hat,Q_over_D2_W_s,z/D,"Q/(D^2 W_s), nondimensional liquid volume flux",https://doi.org/10.1016/j.ijmultiphaseflow.2020.103230,7.039866,1.264477,,45.24693064245735,26.50408913489219,,1.964735,0.121005,,0.285683,0.00768,,5.996686,0.318555
li_2020,Li et al. 2020,figure_11a,Volume flux scaling,Figure 11a,16,z_hat,Q_over_D2_W_s,z/D,"Q/(D^2 W_s), nondimensional liquid volume flux",https://doi.org/10.1016/j.ijmultiphaseflow.2020.103230,7.679453,1.380789,,50.57402191918512,30.525485266165386,,2.948322,0.199234,,0.370836,0.01,,,
li_2020,Li et al. 2020,figure_11a,Volume flux scaling,Figure 11a,17,z_hat,Q_over_D2_W_s,z/D,"Q/(D^2 W_s), nondimensional liquid volume flux",https://doi.org/10.1016/j.ijmultiphaseflow.2020.103230,8.376762,1.421891,,55.74726493637584,37.20078867528617,,3.772536,0.300405,,0.422577,0.014219,,,
li_2020,Li et al. 2020,figure_11a,Volume flux scaling,Figure 11a,18,z_hat,Q_over_D2_W_s,z/D,"Q/(D^2 W_s), nondimensional liquid volume flux",https://doi.org/10.1016/j.ijmultiphaseflow.2020.103230,9.137387,1.464216,,60.600658229162335,37.20078867528617,,4.236703,0.379855,,0.589767,0.020218,,,
li_2020,Li et al. 2020,figure_11a,Volume flux scaling,Figure 11a,19,z_hat,Q_over_D2_W_s,z/D,"Q/(D^2 W_s), nondimensional liquid volume flux",https://doi.org/10.1016/j.ijmultiphaseflow.2020.103230,,,,64.96640299077936,39.363347532246515,,,,,0.743669,0.024826,,,
li_2020,Li et al. 2020,figure_11b,Momentum flux scaling,Figure 11b,1,z_hat,M_over_D2_W_s2,z/D,"M/(D^2 W_s^2), nondimensional momentum flux",https://doi.org/10.1016/j.ijmultiphaseflow.2020.103230,2.031916,0.095219,,6.017358148050683,0.11147303135339531,,0.034969,0.001297,,0.003087,5e-06,,0.137186,0.002735
li_2020,Li et al. 2020,figure_11b,Momentum flux scaling,Figure 11b,2,z_hat,M_over_D2_W_s2,z/D,"M/(D^2 W_s^2), nondimensional momentum flux",https://doi.org/10.1016/j.ijmultiphaseflow.2020.103230,2.398986,0.101902,,6.974074005473094,0.13851902753946246,,0.07151,0.003508,,0.006477,1.1e-05,,0.27346,0.004498
li_2020,Li et al. 2020,figure_11b,Momentum flux scaling,Figure 11b,3,z_hat,M_over_D2_W_s2,z/D,"M/(D^2 W_s^2), nondimensional momentum flux",https://doi.org/10.1016/j.ijmultiphaseflow.2020.103230,2.691277,0.111548,,8.083834669012179,0.1797699017767424,,0.079205,0.002674,,0.009873,2.1e-05,,0.276975,0.006173
li_2020,Li et al. 2020,figure_11b,Momentum flux scaling,Figure 11b,4,z_hat,M_over_D2_W_s2,z/D,"M/(D^2 W_s^2), nondimensional momentum flux",https://doi.org/10.1016/j.ijmultiphaseflow.2020.103230,3.259689,0.127756,,8.812056604716975,0.2185861503424673,,0.119202,0.005152,,0.013415,3.2e-05,,0.40117,0.006912
li_2020,Li et al. 2020,figure_11b,Momentum flux scaling,Figure 11b,5,z_hat,M_over_D2_W_s2,z/D,"M/(D^2 W_s^2), nondimensional momentum flux",https://doi.org/10.1016/j.ijmultiphaseflow.2020.103230,3.344043,0.149666,,9.714707905407945,0.18371767615786394,,0.1539,0.008472,,0.016669,4.1e-05,,0.531351,0.012165
li_2020,Li et al. 2020,figure_11b,Momentum flux scaling,Figure 11b,6,z_hat,M_over_D2_W_s2,z/D,"M/(D^2 W_s^2), nondimensional momentum flux",https://doi.org/10.1016/j.ijmultiphaseflow.2020.103230,3.703861,0.13985,,9.842949363394771,0.25448393843197187,,0.16616,0.007397,,0.045729,0.001058,,0.545101,0.009925
li_2020,Li et al. 2020,figure_11b,Momentum flux scaling,Figure 11b,7,z_hat,M_over_D2_W_s2,z/D,"M/(D^2 W_s^2), nondimensional momentum flux",https://doi.org/10.1016/j.ijmultiphaseflow.2020.103230,3.799709,0.210098,,10.719725417545453,0.2185861503424673,,0.17046,0.010152,,0.068822,0.001297,,0.643575,0.018693
li_2020,Li et al. 2020,figure_11b,Momentum flux scaling,Figure 11b,8,z_hat,M_over_D2_W_s2,z/D,"M/(D^2 W_s^2), nondimensional momentum flux",https://doi.org/10.1016/j.ijmultiphaseflow.2020.103230,3.998911,0.153089,,11.826665246670904,0.24366460790543829,,0.172652,0.00707,,0.095933,0.002499,,0.799673,0.014251
li_2020,Li et al. 2020,figure_11b,Momentum flux scaling,Figure 11b,9,z_hat,M_over_D2_W_s2,z/D,"M/(D^2 W_s^2), nondimensional momentum flux",https://doi.org/10.1016/j.ijmultiphaseflow.2020.103230,4.317465,0.175333,,12.577913130043171,0.2775851484055038,,0.246894,0.014251,,0.13895,0.00367,,1.045725,0.025081
li_2020,Li et al. 2020,figure_11b,Momentum flux scaling,Figure 11b,10,z_hat,M_over_D2_W_s2,z/D,"M/(D^2 W_s^2), nondimensional momentum flux",https://doi.org/10.1016/j.ijmultiphaseflow.2020.103230,4.429192,0.240626,,14.219206169711619,0.296277119197087,,0.318763,0.020931,,0.146234,0.00367,,1.266588,0.032164
li_2020,Li et al. 2020,figure_11b,Momentum flux scaling,Figure 11b,11,z_hat,M_over_D2_W_s2,z/D,"M/(D^2 W_s^2), nondimensional momentum flux",https://doi.org/10.1016/j.ijmultiphaseflow.2020.103230,4.721324,0.183444,,29.04303184409913,1.242623671911505,,0.3576,0.025081,,0.1987,0.004706,,1.534098,0.043154
li_2020,Li et al. 2020,figure_11b,Momentum flux scaling,Figure 11b,12,z_hat,M_over_D2_W_s2,z/D,"M/(D^2 W_s^2), nondimensional momentum flux",https://doi.org/10.1016/j.ijmultiphaseflow.2020.103230,5.032723,0.263404,,34.49338763797463,1.5109332657080972,,0.396078,0.014251,,0.217286,0.005639,,1.881996,0.04832
li_2020,Li et al. 2020,figure_11b,Momentum flux scaling,Figure 11b,13,z_hat,M_over_D2_W_s2,z/D,"M/(D^2 W_s^2), nondimensional momentum flux",https://doi.org/10.1016/j.ijmultiphaseflow.2020.103230,5.718492,0.294932,,38.52865263153145,1.7590695822349833,,0.59609,0.030054,,0.24376,0.006035,,2.492707,0.079463
li_2020,Li et al. 2020,figure_11b,Momentum flux scaling,Figure 11b,14,z_hat,M_over_D2_W_s2,z/D,"M/(D^2 W_s^2), nondimensional momentum flux",https://doi.org/10.1016/j.ijmultiphaseflow.2020.103230,6.174029,0.337786,,43.03847602958756,2.0929300664290964,,0.769607,0.044141,,0.295243,0.007916,,3.057996,0.074251
li_2020,Li et al. 2020,figure_11b,Momentum flux scaling,Figure 11b,15,z_hat,M_over_D2_W_s2,z/D,"M/(D^2 W_s^2), nondimensional momentum flux",https://doi.org/10.1016/j.ijmultiphaseflow.2020.103230,6.838352,0.361494,,47.466256957831874,2.0479566274518466,,0.852417,0.055341,,0.366854,0.009274,,4.486136,0.106616
li_2020,Li et al. 2020,figure_11b,Momentum flux scaling,Figure 11b,16,z_hat,M_over_D2_W_s2,z/D,"M/(D^2 W_s^2), nondimensional momentum flux",https://doi.org/10.1016/j.ijmultiphaseflow.2020.103230,7.574156,0.378217,,53.019174145537576,2.384286778806727,,1.955519,0.08128,,0.438696,0.011367,,6.018288,0.153089
li_2020,Li et al. 2020,figure_11b,Momentum flux scaling,Figure 11b,17,z_hat,M_over_D2_W_s2,z/D,"M/(D^2 W_s^2), nondimensional momentum flux",https://doi.org/10.1016/j.ijmultiphaseflow.2020.103230,8.282648,0.41402,,57.07859888469562,2.6578367484940806,,2.943021,0.149666,,0.588524,0.015957,,,
li_2020,Li et al. 2020,figure_11b,Momentum flux scaling,Figure 11b,18,z_hat,M_over_D2_W_s2,z/D,"M/(D^2 W_s^2), nondimensional momentum flux",https://doi.org/10.1016/j.ijmultiphaseflow.2020.103230,8.828938,0.443079,,61.44173466382551,2.8368096047762674,,3.751479,0.251757,,0.759838,0.020005,,,
li_2020,Li et al. 2020,figure_11b,Momentum flux scaling,Figure 11b,19,z_hat,M_over_D2_W_s2,z/D,"M/(D^2 W_s^2), nondimensional momentum flux",https://doi.org/10.1016/j.ijmultiphaseflow.2020.103230,,,,65.34460771841817,3.231721758481952,,4.208556,0.281891,,,,,,
