paper_id,paper_short_name,source_table,table_title,data_group,source_study,airflow_normal_m3_s,z_m,b_m,U_m_s,q_m3_s,gamma,alpha,W,value_basis,source,doi,notes
milgram_1983,Milgram 1983,Table 1,Primary measurement-height plume properties,primary,Bugg Spring experiment data,0.024,1.98,0.15,1.127,0.0042,,,,smooth values at measurement heights,"Milgram (1983), Table 1",https://doi.org/10.1017/S0022112083001950,"Selected dimensional tabular data. Blank gamma, alpha, or W cells indicate the variable is not reported for that table/row."
milgram_1983,Milgram 1983,Table 1,Primary measurement-height plume properties,primary,Bugg Spring experiment data,0.024,16.47,1.572,0.506,0.0055,1.24,,,smooth values at measurement heights,"Milgram (1983), Table 1",https://doi.org/10.1017/S0022112083001950,"Selected dimensional tabular data. Blank gamma, alpha, or W cells indicate the variable is not reported for that table/row."
milgram_1983,Milgram 1983,Table 1,Primary measurement-height plume properties,primary,Bugg Spring experiment data,0.024,25.82,1.967,0.477,0.007,1.5,,,smooth values at measurement heights,"Milgram (1983), Table 1",https://doi.org/10.1017/S0022112083001950,"Selected dimensional tabular data. Blank gamma, alpha, or W cells indicate the variable is not reported for that table/row."
milgram_1983,Milgram 1983,Table 1,Primary measurement-height plume properties,primary,Bugg Spring experiment data,0.024,37.81,2.466,0.562,0.0109,1.16,,,smooth values at measurement heights,"Milgram (1983), Table 1",https://doi.org/10.1017/S0022112083001950,"Selected dimensional tabular data. Blank gamma, alpha, or W cells indicate the variable is not reported for that table/row."
milgram_1983,Milgram 1983,Table 1,Primary measurement-height plume properties,primary,Bugg Spring experiment data,0.024,43.9,2.895,0.553,0.0149,1.15,,,smooth values at measurement heights,"Milgram (1983), Table 1",https://doi.org/10.1017/S0022112083001950,"Selected dimensional tabular data. Blank gamma, alpha, or W cells indicate the variable is not reported for that table/row."
milgram_1983,Milgram 1983,Table 1,Primary measurement-height plume properties,primary,Bugg Spring experiment data,0.024,46.95,3.191,0.516,0.0184,1.26,,,smooth values at measurement heights,"Milgram (1983), Table 1",https://doi.org/10.1017/S0022112083001950,"Selected dimensional tabular data. Blank gamma, alpha, or W cells indicate the variable is not reported for that table/row."
milgram_1983,Milgram 1983,Table 1,Primary measurement-height plume properties,primary,Bugg Spring experiment data,0.118,1.98,0.257,1.542,0.0204,,,,smooth values at measurement heights,"Milgram (1983), Table 1",https://doi.org/10.1017/S0022112083001950,"Selected dimensional tabular data. Blank gamma, alpha, or W cells indicate the variable is not reported for that table/row."
milgram_1983,Milgram 1983,Table 1,Primary measurement-height plume properties,primary,Bugg Spring experiment data,0.118,16.47,1.732,0.863,0.0272,1.23,,,smooth values at measurement heights,"Milgram (1983), Table 1",https://doi.org/10.1017/S0022112083001950,"Selected dimensional tabular data. Blank gamma, alpha, or W cells indicate the variable is not reported for that table/row."
milgram_1983,Milgram 1983,Table 1,Primary measurement-height plume properties,primary,Bugg Spring experiment data,0.118,25.62,2.476,0.823,0.0345,1.14,,,smooth values at measurement heights,"Milgram (1983), Table 1",https://doi.org/10.1017/S0022112083001950,"Selected dimensional tabular data. Blank gamma, alpha, or W cells indicate the variable is not reported for that table/row."
milgram_1983,Milgram 1983,Table 1,Primary measurement-height plume properties,primary,Bugg Spring experiment data,0.118,37.81,3.621,0.838,0.0534,0.91,,,smooth values at measurement heights,"Milgram (1983), Table 1",https://doi.org/10.1017/S0022112083001950,"Selected dimensional tabular data. Blank gamma, alpha, or W cells indicate the variable is not reported for that table/row."
milgram_1983,Milgram 1983,Table 1,Primary measurement-height plume properties,primary,Bugg Spring experiment data,0.118,43.9,4.384,0.743,0.0735,1.07,,,smooth values at measurement heights,"Milgram (1983), Table 1",https://doi.org/10.1017/S0022112083001950,"Selected dimensional tabular data. Blank gamma, alpha, or W cells indicate the variable is not reported for that table/row."
milgram_1983,Milgram 1983,Table 1,Primary measurement-height plume properties,primary,Bugg Spring experiment data,0.283,1.98,0.328,1.74,0.049,,,,smooth values at measurement heights,"Milgram (1983), Table 1",https://doi.org/10.1017/S0022112083001950,"Selected dimensional tabular data. Blank gamma, alpha, or W cells indicate the variable is not reported for that table/row."
milgram_1983,Milgram 1983,Table 1,Primary measurement-height plume properties,primary,Bugg Spring experiment data,0.283,16.47,2.359,1.109,0.0653,0.85,,,smooth values at measurement heights,"Milgram (1983), Table 1",https://doi.org/10.1017/S0022112083001950,"Selected dimensional tabular data. Blank gamma, alpha, or W cells indicate the variable is not reported for that table/row."
milgram_1983,Milgram 1983,Table 1,Primary measurement-height plume properties,primary,Bugg Spring experiment data,0.283,25.62,3.583,0.971,0.0827,0.83,,,smooth values at measurement heights,"Milgram (1983), Table 1",https://doi.org/10.1017/S0022112083001950,"Selected dimensional tabular data. Blank gamma, alpha, or W cells indicate the variable is not reported for that table/row."
milgram_1983,Milgram 1983,Table 1,Primary measurement-height plume properties,primary,Bugg Spring experiment data,0.283,37.81,5.365,0.906,0.128,0.77,,,smooth values at measurement heights,"Milgram (1983), Table 1",https://doi.org/10.1017/S0022112083001950,"Selected dimensional tabular data. Blank gamma, alpha, or W cells indicate the variable is not reported for that table/row."
milgram_1983,Milgram 1983,Table 1,Primary measurement-height plume properties,primary,Bugg Spring experiment data,0.283,43.9,6.393,0.861,0.1762,0.81,,,smooth values at measurement heights,"Milgram (1983), Table 1",https://doi.org/10.1017/S0022112083001950,"Selected dimensional tabular data. Blank gamma, alpha, or W cells indicate the variable is not reported for that table/row."
milgram_1983,Milgram 1983,Table 1,Primary measurement-height plume properties,primary,Bugg Spring experiment data,0.283,46.95,6.955,0.823,0.2172,0.88,,,smooth values at measurement heights,"Milgram (1983), Table 1",https://doi.org/10.1017/S0022112083001950,"Selected dimensional tabular data. Blank gamma, alpha, or W cells indicate the variable is not reported for that table/row."
milgram_1983,Milgram 1983,Table 1,Primary measurement-height plume properties,primary,Bugg Spring experiment data,0.59,1.98,0.412,2.105,0.1022,,,,smooth values at measurement heights,"Milgram (1983), Table 1",https://doi.org/10.1017/S0022112083001950,"Selected dimensional tabular data. Blank gamma, alpha, or W cells indicate the variable is not reported for that table/row."
milgram_1983,Milgram 1983,Table 1,Primary measurement-height plume properties,primary,Bugg Spring experiment data,0.59,16.47,2.488,1.316,0.1362,0.99,,,smooth values at measurement heights,"Milgram (1983), Table 1",https://doi.org/10.1017/S0022112083001950,"Selected dimensional tabular data. Blank gamma, alpha, or W cells indicate the variable is not reported for that table/row."
milgram_1983,Milgram 1983,Table 1,Primary measurement-height plume properties,primary,Bugg Spring experiment data,0.59,25.62,3.615,1.188,0.1723,0.99,,,smooth values at measurement heights,"Milgram (1983), Table 1",https://doi.org/10.1017/S0022112083001950,"Selected dimensional tabular data. Blank gamma, alpha, or W cells indicate the variable is not reported for that table/row."
milgram_1983,Milgram 1983,Table 1,Primary measurement-height plume properties,primary,Bugg Spring experiment data,0.59,37.81,5.296,1.184,0.2668,0.83,,,smooth values at measurement heights,"Milgram (1983), Table 1",https://doi.org/10.1017/S0022112083001950,"Selected dimensional tabular data. Blank gamma, alpha, or W cells indicate the variable is not reported for that table/row."
milgram_1983,Milgram 1983,Table 1,Primary measurement-height plume properties,primary,Bugg Spring experiment data,0.59,43.9,6.343,1.162,0.3674,0.81,,,smooth values at measurement heights,"Milgram (1983), Table 1",https://doi.org/10.1017/S0022112083001950,"Selected dimensional tabular data. Blank gamma, alpha, or W cells indicate the variable is not reported for that table/row."
milgram_1983,Milgram 1983,Table 1,Primary measurement-height plume properties,primary,Bugg Spring experiment data,0.59,46.95,6.944,1.129,0.4527,0.84,,,smooth values at measurement heights,"Milgram (1983), Table 1",https://doi.org/10.1017/S0022112083001950,"Selected dimensional tabular data. Blank gamma, alpha, or W cells indicate the variable is not reported for that table/row."
milgram_1983,Milgram 1983,Table 1,Primary measurement-height plume properties,primary,Fannelop & Sjoen data,0.005,0.65,0.113,0.987,0.0026,,,,smooth values at measurement heights,"Milgram (1983), Table 1",https://doi.org/10.1017/S0022112083001950,"Selected dimensional tabular data. Blank gamma, alpha, or W cells indicate the variable is not reported for that table/row."
milgram_1983,Milgram 1983,Table 1,Primary measurement-height plume properties,primary,Fannelop & Sjoen data,0.005,2.25,0.293,0.748,0.0028,1.06,,,smooth values at measurement heights,"Milgram (1983), Table 1",https://doi.org/10.1017/S0022112083001950,"Selected dimensional tabular data. Blank gamma, alpha, or W cells indicate the variable is not reported for that table/row."
milgram_1983,Milgram 1983,Table 1,Primary measurement-height plume properties,primary,Fannelop & Sjoen data,0.005,3.85,0.465,0.62,0.0031,1.08,,,smooth values at measurement heights,"Milgram (1983), Table 1",https://doi.org/10.1017/S0022112083001950,"Selected dimensional tabular data. Blank gamma, alpha, or W cells indicate the variable is not reported for that table/row."
milgram_1983,Milgram 1983,Table 1,Primary measurement-height plume properties,primary,Fannelop & Sjoen data,0.005,5.45,0.614,0.569,0.0035,1.11,,,smooth values at measurement heights,"Milgram (1983), Table 1",https://doi.org/10.1017/S0022112083001950,"Selected dimensional tabular data. Blank gamma, alpha, or W cells indicate the variable is not reported for that table/row."
milgram_1983,Milgram 1983,Table 1,Primary measurement-height plume properties,primary,Fannelop & Sjoen data,0.005,7.05,0.721,0.566,0.0039,1.13,,,smooth values at measurement heights,"Milgram (1983), Table 1",https://doi.org/10.1017/S0022112083001950,"Selected dimensional tabular data. Blank gamma, alpha, or W cells indicate the variable is not reported for that table/row."
milgram_1983,Milgram 1983,Table 1,Primary measurement-height plume properties,primary,Fannelop & Sjoen data,0.005,8.65,0.769,0.58,0.0044,1.25,,,smooth values at measurement heights,"Milgram (1983), Table 1",https://doi.org/10.1017/S0022112083001950,"Selected dimensional tabular data. Blank gamma, alpha, or W cells indicate the variable is not reported for that table/row."
milgram_1983,Milgram 1983,Table 1,Primary measurement-height plume properties,primary,Fannelop & Sjoen data,0.01,0.65,0.134,0.978,0.0052,,,,smooth values at measurement heights,"Milgram (1983), Table 1",https://doi.org/10.1017/S0022112083001950,"Selected dimensional tabular data. Blank gamma, alpha, or W cells indicate the variable is not reported for that table/row."
milgram_1983,Milgram 1983,Table 1,Primary measurement-height plume properties,primary,Fannelop & Sjoen data,0.01,2.25,0.307,0.893,0.0057,1.3,,,smooth values at measurement heights,"Milgram (1983), Table 1",https://doi.org/10.1017/S0022112083001950,"Selected dimensional tabular data. Blank gamma, alpha, or W cells indicate the variable is not reported for that table/row."
milgram_1983,Milgram 1983,Table 1,Primary measurement-height plume properties,primary,Fannelop & Sjoen data,0.01,3.85,0.491,0.815,0.0062,1.03,,,smooth values at measurement heights,"Milgram (1983), Table 1",https://doi.org/10.1017/S0022112083001950,"Selected dimensional tabular data. Blank gamma, alpha, or W cells indicate the variable is not reported for that table/row."
milgram_1983,Milgram 1983,Table 1,Primary measurement-height plume properties,primary,Fannelop & Sjoen data,0.01,5.45,0.665,0.749,0.0069,0.99,,,smooth values at measurement heights,"Milgram (1983), Table 1",https://doi.org/10.1017/S0022112083001950,"Selected dimensional tabular data. Blank gamma, alpha, or W cells indicate the variable is not reported for that table/row."
milgram_1983,Milgram 1983,Table 1,Primary measurement-height plume properties,primary,Fannelop & Sjoen data,0.01,7.05,0.807,0.696,0.0078,1.07,,,smooth values at measurement heights,"Milgram (1983), Table 1",https://doi.org/10.1017/S0022112083001950,"Selected dimensional tabular data. Blank gamma, alpha, or W cells indicate the variable is not reported for that table/row."
milgram_1983,Milgram 1983,Table 1,Primary measurement-height plume properties,primary,Fannelop & Sjoen data,0.01,8.65,0.897,0.659,0.0089,1.28,,,smooth values at measurement heights,"Milgram (1983), Table 1",https://doi.org/10.1017/S0022112083001950,"Selected dimensional tabular data. Blank gamma, alpha, or W cells indicate the variable is not reported for that table/row."
milgram_1983,Milgram 1983,Table 1,Primary measurement-height plume properties,primary,Fannelop & Sjoen data,0.015,0.65,0.134,1.131,0.0078,,,,smooth values at measurement heights,"Milgram (1983), Table 1",https://doi.org/10.1017/S0022112083001950,"Selected dimensional tabular data. Blank gamma, alpha, or W cells indicate the variable is not reported for that table/row."
milgram_1983,Milgram 1983,Table 1,Primary measurement-height plume properties,primary,Fannelop & Sjoen data,0.015,2.25,0.362,1.049,0.0085,0.91,,,smooth values at measurement heights,"Milgram (1983), Table 1",https://doi.org/10.1017/S0022112083001950,"Selected dimensional tabular data. Blank gamma, alpha, or W cells indicate the variable is not reported for that table/row."
milgram_1983,Milgram 1983,Table 1,Primary measurement-height plume properties,primary,Fannelop & Sjoen data,0.015,3.85,0.518,0.974,0.0094,0.88,,,smooth values at measurement heights,"Milgram (1983), Table 1",https://doi.org/10.1017/S0022112083001950,"Selected dimensional tabular data. Blank gamma, alpha, or W cells indicate the variable is not reported for that table/row."
milgram_1983,Milgram 1983,Table 1,Primary measurement-height plume properties,primary,Fannelop & Sjoen data,0.015,5.45,0.645,0.904,0.0104,0.97,,,smooth values at measurement heights,"Milgram (1983), Table 1",https://doi.org/10.1017/S0022112083001950,"Selected dimensional tabular data. Blank gamma, alpha, or W cells indicate the variable is not reported for that table/row."
milgram_1983,Milgram 1983,Table 1,Primary measurement-height plume properties,primary,Fannelop & Sjoen data,0.015,7.05,0.781,0.836,0.0117,1.07,,,smooth values at measurement heights,"Milgram (1983), Table 1",https://doi.org/10.1017/S0022112083001950,"Selected dimensional tabular data. Blank gamma, alpha, or W cells indicate the variable is not reported for that table/row."
milgram_1983,Milgram 1983,Table 1,Primary measurement-height plume properties,primary,Fannelop & Sjoen data,0.015,8.65,0.97,0.766,0.0133,1.09,,,smooth values at measurement heights,"Milgram (1983), Table 1",https://doi.org/10.1017/S0022112083001950,"Selected dimensional tabular data. Blank gamma, alpha, or W cells indicate the variable is not reported for that table/row."
milgram_1983,Milgram 1983,Table 1,Primary measurement-height plume properties,primary,Fannelop & Sjoen data,0.0221,0.65,0.161,1.162,0.0115,,,,smooth values at measurement heights,"Milgram (1983), Table 1",https://doi.org/10.1017/S0022112083001950,"Selected dimensional tabular data. Blank gamma, alpha, or W cells indicate the variable is not reported for that table/row."
milgram_1983,Milgram 1983,Table 1,Primary measurement-height plume properties,primary,Fannelop & Sjoen data,0.0221,2.25,0.334,1.077,0.0126,1.47,,,smooth values at measurement heights,"Milgram (1983), Table 1",https://doi.org/10.1017/S0022112083001950,"Selected dimensional tabular data. Blank gamma, alpha, or W cells indicate the variable is not reported for that table/row."
milgram_1983,Milgram 1983,Table 1,Primary measurement-height plume properties,primary,Fannelop & Sjoen data,0.0221,3.85,0.524,1.008,0.0138,1.15,,,smooth values at measurement heights,"Milgram (1983), Table 1",https://doi.org/10.1017/S0022112083001950,"Selected dimensional tabular data. Blank gamma, alpha, or W cells indicate the variable is not reported for that table/row."
milgram_1983,Milgram 1983,Table 1,Primary measurement-height plume properties,primary,Fannelop & Sjoen data,0.0221,5.45,0.72,0.945,0.0153,1.02,,,smooth values at measurement heights,"Milgram (1983), Table 1",https://doi.org/10.1017/S0022112083001950,"Selected dimensional tabular data. Blank gamma, alpha, or W cells indicate the variable is not reported for that table/row."
milgram_1983,Milgram 1983,Table 1,Primary measurement-height plume properties,primary,Fannelop & Sjoen data,0.0221,7.05,0.911,0.881,0.0172,1.01,,,smooth values at measurement heights,"Milgram (1983), Table 1",https://doi.org/10.1017/S0022112083001950,"Selected dimensional tabular data. Blank gamma, alpha, or W cells indicate the variable is not reported for that table/row."
milgram_1983,Milgram 1983,Table 1,Primary measurement-height plume properties,primary,Fannelop & Sjoen data,0.0221,8.65,1.086,0.807,0.0197,1.13,,,smooth values at measurement heights,"Milgram (1983), Table 1",https://doi.org/10.1017/S0022112083001950,"Selected dimensional tabular data. Blank gamma, alpha, or W cells indicate the variable is not reported for that table/row."
milgram_1983,Milgram 1983,Table 1,Primary measurement-height plume properties,primary,Milgram & Van Houten data,0.00021,0.32,0.024,0.664,0.0002,,,,smooth values at measurement heights,"Milgram (1983), Table 1",https://doi.org/10.1017/S0022112083001950,"Selected dimensional tabular data. Blank gamma, alpha, or W cells indicate the variable is not reported for that table/row."
milgram_1983,Milgram 1983,Table 1,Primary measurement-height plume properties,primary,Milgram & Van Houten data,0.00021,0.96,0.064,0.432,0.0002,2.1,,,smooth values at measurement heights,"Milgram (1983), Table 1",https://doi.org/10.1017/S0022112083001950,"Selected dimensional tabular data. Blank gamma, alpha, or W cells indicate the variable is not reported for that table/row."
milgram_1983,Milgram 1983,Table 1,Primary measurement-height plume properties,primary,Milgram & Van Houten data,0.00021,1.58,0.101,0.331,0.0002,2.45,,,smooth values at measurement heights,"Milgram (1983), Table 1",https://doi.org/10.1017/S0022112083001950,"Selected dimensional tabular data. Blank gamma, alpha, or W cells indicate the variable is not reported for that table/row."
milgram_1983,Milgram 1983,Table 1,Primary measurement-height plume properties,primary,Milgram & Van Houten data,0.00021,2.2,0.129,0.319,0.0002,2.32,,,smooth values at measurement heights,"Milgram (1983), Table 1",https://doi.org/10.1017/S0022112083001950,"Selected dimensional tabular data. Blank gamma, alpha, or W cells indicate the variable is not reported for that table/row."
milgram_1983,Milgram 1983,Table 1,Primary measurement-height plume properties,primary,Milgram & Van Houten data,0.00021,2.78,0.144,0.36,0.0002,1.93,,,smooth values at measurement heights,"Milgram (1983), Table 1",https://doi.org/10.1017/S0022112083001950,"Selected dimensional tabular data. Blank gamma, alpha, or W cells indicate the variable is not reported for that table/row."
milgram_1983,Milgram 1983,Table 1,Primary measurement-height plume properties,primary,Milgram & Van Houten data,0.0005,0.32,0.03,0.772,0.0004,,,,smooth values at measurement heights,"Milgram (1983), Table 1",https://doi.org/10.1017/S0022112083001950,"Selected dimensional tabular data. Blank gamma, alpha, or W cells indicate the variable is not reported for that table/row."
milgram_1983,Milgram 1983,Table 1,Primary measurement-height plume properties,primary,Milgram & Van Houten data,0.0005,0.96,0.085,0.537,0.0004,1.74,,,smooth values at measurement heights,"Milgram (1983), Table 1",https://doi.org/10.1017/S0022112083001950,"Selected dimensional tabular data. Blank gamma, alpha, or W cells indicate the variable is not reported for that table/row."
milgram_1983,Milgram 1983,Table 1,Primary measurement-height plume properties,primary,Milgram & Van Houten data,0.0005,1.58,0.125,0.441,0.0004,2.0,,,smooth values at measurement heights,"Milgram (1983), Table 1",https://doi.org/10.1017/S0022112083001950,"Selected dimensional tabular data. Blank gamma, alpha, or W cells indicate the variable is not reported for that table/row."
milgram_1983,Milgram 1983,Table 1,Primary measurement-height plume properties,primary,Milgram & Van Houten data,0.0005,2.2,0.161,0.426,0.0004,1.85,,,smooth values at measurement heights,"Milgram (1983), Table 1",https://doi.org/10.1017/S0022112083001950,"Selected dimensional tabular data. Blank gamma, alpha, or W cells indicate the variable is not reported for that table/row."
milgram_1983,Milgram 1983,Table 1,Primary measurement-height plume properties,primary,Milgram & Van Houten data,0.0005,2.78,0.2,0.442,0.0005,1.44,,,smooth values at measurement heights,"Milgram (1983), Table 1",https://doi.org/10.1017/S0022112083001950,"Selected dimensional tabular data. Blank gamma, alpha, or W cells indicate the variable is not reported for that table/row."
milgram_1983,Milgram 1983,Table 1,Primary measurement-height plume properties,primary,Milgram & Van Houten data,0.00118,0.32,0.039,0.896,0.0009,,,,smooth values at measurement heights,"Milgram (1983), Table 1",https://doi.org/10.1017/S0022112083001950,"Selected dimensional tabular data. Blank gamma, alpha, or W cells indicate the variable is not reported for that table/row."
milgram_1983,Milgram 1983,Table 1,Primary measurement-height plume properties,primary,Milgram & Van Houten data,0.00118,0.96,0.099,0.628,0.0009,2.02,,,smooth values at measurement heights,"Milgram (1983), Table 1",https://doi.org/10.1017/S0022112083001950,"Selected dimensional tabular data. Blank gamma, alpha, or W cells indicate the variable is not reported for that table/row."
milgram_1983,Milgram 1983,Table 1,Primary measurement-height plume properties,primary,Milgram & Van Houten data,0.00118,1.58,0.138,0.507,0.001,2.66,,,smooth values at measurement heights,"Milgram (1983), Table 1",https://doi.org/10.1017/S0022112083001950,"Selected dimensional tabular data. Blank gamma, alpha, or W cells indicate the variable is not reported for that table/row."
milgram_1983,Milgram 1983,Table 1,Primary measurement-height plume properties,primary,Milgram & Van Houten data,0.00118,2.2,0.182,0.478,0.001,2.51,,,smooth values at measurement heights,"Milgram (1983), Table 1",https://doi.org/10.1017/S0022112083001950,"Selected dimensional tabular data. Blank gamma, alpha, or W cells indicate the variable is not reported for that table/row."
milgram_1983,Milgram 1983,Table 1,Primary measurement-height plume properties,primary,Milgram & Van Houten data,0.00118,2.78,0.248,0.49,0.0011,1.69,,,smooth values at measurement heights,"Milgram (1983), Table 1",https://doi.org/10.1017/S0022112083001950,"Selected dimensional tabular data. Blank gamma, alpha, or W cells indicate the variable is not reported for that table/row."
milgram_1983,Milgram 1983,Table 1,Primary measurement-height plume properties,primary,Milgram & Van Houten data,0.00234,0.32,0.048,1.017,0.0018,,,,smooth values at measurement heights,"Milgram (1983), Table 1",https://doi.org/10.1017/S0022112083001950,"Selected dimensional tabular data. Blank gamma, alpha, or W cells indicate the variable is not reported for that table/row."
milgram_1983,Milgram 1983,Table 1,Primary measurement-height plume properties,primary,Milgram & Van Houten data,0.00234,0.96,0.116,0.691,0.0018,2.28,,,smooth values at measurement heights,"Milgram (1983), Table 1",https://doi.org/10.1017/S0022112083001950,"Selected dimensional tabular data. Blank gamma, alpha, or W cells indicate the variable is not reported for that table/row."
milgram_1983,Milgram 1983,Table 1,Primary measurement-height plume properties,primary,Milgram & Van Houten data,0.00234,1.58,0.168,0.569,0.0019,2.7,,,smooth values at measurement heights,"Milgram (1983), Table 1",https://doi.org/10.1017/S0022112083001950,"Selected dimensional tabular data. Blank gamma, alpha, or W cells indicate the variable is not reported for that table/row."
milgram_1983,Milgram 1983,Table 1,Primary measurement-height plume properties,primary,Milgram & Van Houten data,0.00234,2.2,0.222,0.556,0.002,2.35,,,smooth values at measurement heights,"Milgram (1983), Table 1",https://doi.org/10.1017/S0022112083001950,"Selected dimensional tabular data. Blank gamma, alpha, or W cells indicate the variable is not reported for that table/row."
milgram_1983,Milgram 1983,Table 1,Primary measurement-height plume properties,primary,Milgram & Van Houten data,0.00234,2.78,0.288,0.575,0.0022,1.7,,,smooth values at measurement heights,"Milgram (1983), Table 1",https://doi.org/10.1017/S0022112083001950,"Selected dimensional tabular data. Blank gamma, alpha, or W cells indicate the variable is not reported for that table/row."
milgram_1983,Milgram 1983,Table 2,Primary entrainment-coefficient data at midpoint heights,primary,Bugg Spring experiment data,0.024,9.23,0.86,0.817,0.0047,,0.06,0.29,midpoint averages between measurement heights,"Milgram (1983), Table 2",https://doi.org/10.1017/S0022112083001950,"Selected dimensional tabular data. Blank gamma, alpha, or W cells indicate the variable is not reported for that table/row."
milgram_1983,Milgram 1983,Table 2,Primary entrainment-coefficient data at midpoint heights,primary,Bugg Spring experiment data,0.024,21.05,1.77,0.492,0.0062,,0.037,0.183,midpoint averages between measurement heights,"Milgram (1983), Table 2",https://doi.org/10.1017/S0022112083001950,"Selected dimensional tabular data. Blank gamma, alpha, or W cells indicate the variable is not reported for that table/row."
milgram_1983,Milgram 1983,Table 2,Primary entrainment-coefficient data at midpoint heights,primary,Bugg Spring experiment data,0.024,31.71,2.22,0.52,0.0085,,0.056,0.244,midpoint averages between measurement heights,"Milgram (1983), Table 2",https://doi.org/10.1017/S0022112083001950,"Selected dimensional tabular data. Blank gamma, alpha, or W cells indicate the variable is not reported for that table/row."
milgram_1983,Milgram 1983,Table 2,Primary entrainment-coefficient data at midpoint heights,primary,Bugg Spring experiment data,0.024,40.86,2.68,0.557,0.0126,,0.067,0.122,midpoint averages between measurement heights,"Milgram (1983), Table 2",https://doi.org/10.1017/S0022112083001950,"Selected dimensional tabular data. Blank gamma, alpha, or W cells indicate the variable is not reported for that table/row."
milgram_1983,Milgram 1983,Table 2,Primary entrainment-coefficient data at midpoint heights,primary,Bugg Spring experiment data,0.024,45.43,3.04,0.535,0.0165,,0.063,0.061,midpoint averages between measurement heights,"Milgram (1983), Table 2",https://doi.org/10.1017/S0022112083001950,"Selected dimensional tabular data. Blank gamma, alpha, or W cells indicate the variable is not reported for that table/row."
milgram_1983,Milgram 1983,Table 2,Primary entrainment-coefficient data at midpoint heights,primary,Bugg Spring experiment data,0.118,9.23,0.99,1.203,0.0234,,0.072,0.29,midpoint averages between measurement heights,"Milgram (1983), Table 2",https://doi.org/10.1017/S0022112083001950,"Selected dimensional tabular data. Blank gamma, alpha, or W cells indicate the variable is not reported for that table/row."
milgram_1983,Milgram 1983,Table 2,Primary entrainment-coefficient data at midpoint heights,primary,Bugg Spring experiment data,0.118,21.05,2.1,0.843,0.0304,,0.076,0.183,midpoint averages between measurement heights,"Milgram (1983), Table 2",https://doi.org/10.1017/S0022112083001950,"Selected dimensional tabular data. Blank gamma, alpha, or W cells indicate the variable is not reported for that table/row."
milgram_1983,Milgram 1983,Table 2,Primary entrainment-coefficient data at midpoint heights,primary,Bugg Spring experiment data,0.118,31.71,3.05,0.831,0.0419,,0.096,0.244,midpoint averages between measurement heights,"Milgram (1983), Table 2",https://doi.org/10.1017/S0022112083001950,"Selected dimensional tabular data. Blank gamma, alpha, or W cells indicate the variable is not reported for that table/row."
milgram_1983,Milgram 1983,Table 2,Primary entrainment-coefficient data at midpoint heights,primary,Bugg Spring experiment data,0.118,40.86,4.0,0.79,0.0618,,0.085,0.122,midpoint averages between measurement heights,"Milgram (1983), Table 2",https://doi.org/10.1017/S0022112083001950,"Selected dimensional tabular data. Blank gamma, alpha, or W cells indicate the variable is not reported for that table/row."
milgram_1983,Milgram 1983,Table 2,Primary entrainment-coefficient data at midpoint heights,primary,Bugg Spring experiment data,0.283,9.23,1.34,1.425,0.056,,0.108,0.29,midpoint averages between measurement heights,"Milgram (1983), Table 2",https://doi.org/10.1017/S0022112083001950,"Selected dimensional tabular data. Blank gamma, alpha, or W cells indicate the variable is not reported for that table/row."
milgram_1983,Milgram 1983,Table 2,Primary entrainment-coefficient data at midpoint heights,primary,Bugg Spring experiment data,0.283,21.05,2.97,1.04,0.073,,0.111,0.183,midpoint averages between measurement heights,"Milgram (1983), Table 2",https://doi.org/10.1017/S0022112083001950,"Selected dimensional tabular data. Blank gamma, alpha, or W cells indicate the variable is not reported for that table/row."
milgram_1983,Milgram 1983,Table 2,Primary entrainment-coefficient data at midpoint heights,primary,Bugg Spring experiment data,0.283,31.71,4.47,0.938,0.1004,,0.133,0.244,midpoint averages between measurement heights,"Milgram (1983), Table 2",https://doi.org/10.1017/S0022112083001950,"Selected dimensional tabular data. Blank gamma, alpha, or W cells indicate the variable is not reported for that table/row."
milgram_1983,Milgram 1983,Table 2,Primary entrainment-coefficient data at midpoint heights,primary,Bugg Spring experiment data,0.283,40.86,5.88,0.883,0.1483,,0.144,0.122,midpoint averages between measurement heights,"Milgram (1983), Table 2",https://doi.org/10.1017/S0022112083001950,"Selected dimensional tabular data. Blank gamma, alpha, or W cells indicate the variable is not reported for that table/row."
milgram_1983,Milgram 1983,Table 2,Primary entrainment-coefficient data at midpoint heights,primary,Bugg Spring experiment data,0.283,45.43,6.67,0.842,0.1946,,0.135,0.061,midpoint averages between measurement heights,"Milgram (1983), Table 2",https://doi.org/10.1017/S0022112083001950,"Selected dimensional tabular data. Blank gamma, alpha, or W cells indicate the variable is not reported for that table/row."
milgram_1983,Milgram 1983,Table 2,Primary entrainment-coefficient data at midpoint heights,primary,Bugg Spring experiment data,0.59,9.23,1.45,1.71,0.1168,,0.108,0.29,midpoint averages between measurement heights,"Milgram (1983), Table 2",https://doi.org/10.1017/S0022112083001950,"Selected dimensional tabular data. Blank gamma, alpha, or W cells indicate the variable is not reported for that table/row."
milgram_1983,Milgram 1983,Table 2,Primary entrainment-coefficient data at midpoint heights,primary,Bugg Spring experiment data,0.59,21.05,3.05,1.252,0.1521,,0.106,0.183,midpoint averages between measurement heights,"Milgram (1983), Table 2",https://doi.org/10.1017/S0022112083001950,"Selected dimensional tabular data. Blank gamma, alpha, or W cells indicate the variable is not reported for that table/row."
milgram_1983,Milgram 1983,Table 2,Primary entrainment-coefficient data at midpoint heights,primary,Bugg Spring experiment data,0.59,31.71,4.46,1.186,0.2094,,0.137,0.244,midpoint averages between measurement heights,"Milgram (1983), Table 2",https://doi.org/10.1017/S0022112083001950,"Selected dimensional tabular data. Blank gamma, alpha, or W cells indicate the variable is not reported for that table/row."
milgram_1983,Milgram 1983,Table 2,Primary entrainment-coefficient data at midpoint heights,primary,Bugg Spring experiment data,0.59,40.86,5.82,1.173,0.3091,,0.163,0.122,midpoint averages between measurement heights,"Milgram (1983), Table 2",https://doi.org/10.1017/S0022112083001950,"Selected dimensional tabular data. Blank gamma, alpha, or W cells indicate the variable is not reported for that table/row."
milgram_1983,Milgram 1983,Table 2,Primary entrainment-coefficient data at midpoint heights,primary,Bugg Spring experiment data,0.59,45.43,6.64,1.146,0.4056,,0.165,0.061,midpoint averages between measurement heights,"Milgram (1983), Table 2",https://doi.org/10.1017/S0022112083001950,"Selected dimensional tabular data. Blank gamma, alpha, or W cells indicate the variable is not reported for that table/row."
milgram_1983,Milgram 1983,Table 2,Primary entrainment-coefficient data at midpoint heights,primary,Fannelop & Sjoen data,0.005,1.45,0.2,0.868,0.0027,,0.092,0.162,midpoint averages between measurement heights,"Milgram (1983), Table 2",https://doi.org/10.1017/S0022112083001950,"Selected dimensional tabular data. Blank gamma, alpha, or W cells indicate the variable is not reported for that table/row."
milgram_1983,Milgram 1983,Table 2,Primary entrainment-coefficient data at midpoint heights,primary,Fannelop & Sjoen data,0.005,3.05,0.38,0.684,0.003,,0.084,0.162,midpoint averages between measurement heights,"Milgram (1983), Table 2",https://doi.org/10.1017/S0022112083001950,"Selected dimensional tabular data. Blank gamma, alpha, or W cells indicate the variable is not reported for that table/row."
milgram_1983,Milgram 1983,Table 2,Primary entrainment-coefficient data at midpoint heights,primary,Fannelop & Sjoen data,0.005,4.65,0.54,0.594,0.0033,,0.078,0.162,midpoint averages between measurement heights,"Milgram (1983), Table 2",https://doi.org/10.1017/S0022112083001950,"Selected dimensional tabular data. Blank gamma, alpha, or W cells indicate the variable is not reported for that table/row."
milgram_1983,Milgram 1983,Table 2,Primary entrainment-coefficient data at midpoint heights,primary,Fannelop & Sjoen data,0.005,6.25,0.67,0.568,0.0037,,0.066,0.162,midpoint averages between measurement heights,"Milgram (1983), Table 2",https://doi.org/10.1017/S0022112083001950,"Selected dimensional tabular data. Blank gamma, alpha, or W cells indicate the variable is not reported for that table/row."
milgram_1983,Milgram 1983,Table 2,Primary entrainment-coefficient data at midpoint heights,primary,Fannelop & Sjoen data,0.005,7.85,0.75,0.573,0.0041,,0.036,0.162,midpoint averages between measurement heights,"Milgram (1983), Table 2",https://doi.org/10.1017/S0022112083001950,"Selected dimensional tabular data. Blank gamma, alpha, or W cells indicate the variable is not reported for that table/row."
milgram_1983,Milgram 1983,Table 2,Primary entrainment-coefficient data at midpoint heights,primary,Fannelop & Sjoen data,0.01,1.45,0.22,0.935,0.0054,,0.101,0.162,midpoint averages between measurement heights,"Milgram (1983), Table 2",https://doi.org/10.1017/S0022112083001950,"Selected dimensional tabular data. Blank gamma, alpha, or W cells indicate the variable is not reported for that table/row."
milgram_1983,Milgram 1983,Table 2,Primary entrainment-coefficient data at midpoint heights,primary,Fannelop & Sjoen data,0.01,3.05,0.4,0.854,0.006,,0.103,0.162,midpoint averages between measurement heights,"Milgram (1983), Table 2",https://doi.org/10.1017/S0022112083001950,"Selected dimensional tabular data. Blank gamma, alpha, or W cells indicate the variable is not reported for that table/row."
milgram_1983,Milgram 1983,Table 2,Primary entrainment-coefficient data at midpoint heights,primary,Fannelop & Sjoen data,0.01,4.65,0.58,0.782,0.0066,,0.093,0.162,midpoint averages between measurement heights,"Milgram (1983), Table 2",https://doi.org/10.1017/S0022112083001950,"Selected dimensional tabular data. Blank gamma, alpha, or W cells indicate the variable is not reported for that table/row."
milgram_1983,Milgram 1983,Table 2,Primary entrainment-coefficient data at midpoint heights,primary,Fannelop & Sjoen data,0.01,6.25,0.74,0.722,0.0073,,0.072,0.162,midpoint averages between measurement heights,"Milgram (1983), Table 2",https://doi.org/10.1017/S0022112083001950,"Selected dimensional tabular data. Blank gamma, alpha, or W cells indicate the variable is not reported for that table/row."
milgram_1983,Milgram 1983,Table 2,Primary entrainment-coefficient data at midpoint heights,primary,Fannelop & Sjoen data,0.01,7.85,0.85,0.678,0.0083,,0.041,0.162,midpoint averages between measurement heights,"Milgram (1983), Table 2",https://doi.org/10.1017/S0022112083001950,"Selected dimensional tabular data. Blank gamma, alpha, or W cells indicate the variable is not reported for that table/row."
milgram_1983,Milgram 1983,Table 2,Primary entrainment-coefficient data at midpoint heights,primary,Fannelop & Sjoen data,0.015,1.45,0.25,1.09,0.0082,,0.135,0.162,midpoint averages between measurement heights,"Milgram (1983), Table 2",https://doi.org/10.1017/S0022112083001950,"Selected dimensional tabular data. Blank gamma, alpha, or W cells indicate the variable is not reported for that table/row."
milgram_1983,Milgram 1983,Table 2,Primary entrainment-coefficient data at midpoint heights,primary,Fannelop & Sjoen data,0.015,3.05,0.44,1.011,0.0089,,0.087,0.162,midpoint averages between measurement heights,"Milgram (1983), Table 2",https://doi.org/10.1017/S0022112083001950,"Selected dimensional tabular data. Blank gamma, alpha, or W cells indicate the variable is not reported for that table/row."
milgram_1983,Milgram 1983,Table 2,Primary entrainment-coefficient data at midpoint heights,primary,Fannelop & Sjoen data,0.015,4.65,0.58,0.939,0.0099,,0.065,0.162,midpoint averages between measurement heights,"Milgram (1983), Table 2",https://doi.org/10.1017/S0022112083001950,"Selected dimensional tabular data. Blank gamma, alpha, or W cells indicate the variable is not reported for that table/row."
milgram_1983,Milgram 1983,Table 2,Primary entrainment-coefficient data at midpoint heights,primary,Fannelop & Sjoen data,0.015,6.25,0.71,0.87,0.011,,0.068,0.162,midpoint averages between measurement heights,"Milgram (1983), Table 2",https://doi.org/10.1017/S0022112083001950,"Selected dimensional tabular data. Blank gamma, alpha, or W cells indicate the variable is not reported for that table/row."
milgram_1983,Milgram 1983,Table 2,Primary entrainment-coefficient data at midpoint heights,primary,Fannelop & Sjoen data,0.015,7.85,0.88,0.801,0.0125,,0.093,0.162,midpoint averages between measurement heights,"Milgram (1983), Table 2",https://doi.org/10.1017/S0022112083001950,"Selected dimensional tabular data. Blank gamma, alpha, or W cells indicate the variable is not reported for that table/row."
milgram_1983,Milgram 1983,Table 2,Primary entrainment-coefficient data at midpoint heights,primary,Fannelop & Sjoen data,0.0221,1.45,0.25,1.12,0.012,,0.102,0.162,midpoint averages between measurement heights,"Milgram (1983), Table 2",https://doi.org/10.1017/S0022112083001950,"Selected dimensional tabular data. Blank gamma, alpha, or W cells indicate the variable is not reported for that table/row."
milgram_1983,Milgram 1983,Table 2,Primary entrainment-coefficient data at midpoint heights,primary,Fannelop & Sjoen data,0.0221,3.05,0.43,1.042,0.0131,,0.109,0.162,midpoint averages between measurement heights,"Milgram (1983), Table 2",https://doi.org/10.1017/S0022112083001950,"Selected dimensional tabular data. Blank gamma, alpha, or W cells indicate the variable is not reported for that table/row."
milgram_1983,Milgram 1983,Table 2,Primary entrainment-coefficient data at midpoint heights,primary,Fannelop & Sjoen data,0.0221,4.65,0.62,0.976,0.0145,,0.11,0.162,midpoint averages between measurement heights,"Milgram (1983), Table 2",https://doi.org/10.1017/S0022112083001950,"Selected dimensional tabular data. Blank gamma, alpha, or W cells indicate the variable is not reported for that table/row."
milgram_1983,Milgram 1983,Table 2,Primary entrainment-coefficient data at midpoint heights,primary,Fannelop & Sjoen data,0.0221,6.25,0.82,0.913,0.0162,,0.101,0.162,midpoint averages between measurement heights,"Milgram (1983), Table 2",https://doi.org/10.1017/S0022112083001950,"Selected dimensional tabular data. Blank gamma, alpha, or W cells indicate the variable is not reported for that table/row."
milgram_1983,Milgram 1983,Table 2,Primary entrainment-coefficient data at midpoint heights,primary,Fannelop & Sjoen data,0.0221,7.85,1.0,0.844,0.0184,,0.082,0.162,midpoint averages between measurement heights,"Milgram (1983), Table 2",https://doi.org/10.1017/S0022112083001950,"Selected dimensional tabular data. Blank gamma, alpha, or W cells indicate the variable is not reported for that table/row."
milgram_1983,Milgram 1983,Table 2,Primary entrainment-coefficient data at midpoint heights,primary,Milgram & Van Houten data,0.00021,0.64,0.04,0.548,0.0002,,0.045,0.175,midpoint averages between measurement heights,"Milgram (1983), Table 2",https://doi.org/10.1017/S0022112083001950,"Selected dimensional tabular data. Blank gamma, alpha, or W cells indicate the variable is not reported for that table/row."
milgram_1983,Milgram 1983,Table 2,Primary entrainment-coefficient data at midpoint heights,primary,Milgram & Van Houten data,0.00021,1.27,0.08,0.381,0.0002,,0.04,0.169,midpoint averages between measurement heights,"Milgram (1983), Table 2",https://doi.org/10.1017/S0022112083001950,"Selected dimensional tabular data. Blank gamma, alpha, or W cells indicate the variable is not reported for that table/row."
milgram_1983,Milgram 1983,Table 2,Primary entrainment-coefficient data at midpoint heights,primary,Milgram & Van Houten data,0.00021,1.89,0.12,0.325,0.0002,,0.043,0.169,midpoint averages between measurement heights,"Milgram (1983), Table 2",https://doi.org/10.1017/S0022112083001950,"Selected dimensional tabular data. Blank gamma, alpha, or W cells indicate the variable is not reported for that table/row."
milgram_1983,Milgram 1983,Table 2,Primary entrainment-coefficient data at midpoint heights,primary,Milgram & Van Houten data,0.00021,2.49,0.14,0.34,0.0002,,0.039,0.158,midpoint averages between measurement heights,"Milgram (1983), Table 2",https://doi.org/10.1017/S0022112083001950,"Selected dimensional tabular data. Blank gamma, alpha, or W cells indicate the variable is not reported for that table/row."
milgram_1983,Milgram 1983,Table 2,Primary entrainment-coefficient data at midpoint heights,primary,Milgram & Van Houten data,0.0005,0.64,0.06,0.654,0.0004,,0.065,0.175,midpoint averages between measurement heights,"Milgram (1983), Table 2",https://doi.org/10.1017/S0022112083001950,"Selected dimensional tabular data. Blank gamma, alpha, or W cells indicate the variable is not reported for that table/row."
milgram_1983,Milgram 1983,Table 2,Primary entrainment-coefficient data at midpoint heights,primary,Milgram & Van Houten data,0.0005,1.27,0.1,0.489,0.0004,,0.047,0.169,midpoint averages between measurement heights,"Milgram (1983), Table 2",https://doi.org/10.1017/S0022112083001950,"Selected dimensional tabular data. Blank gamma, alpha, or W cells indicate the variable is not reported for that table/row."
milgram_1983,Milgram 1983,Table 2,Primary entrainment-coefficient data at midpoint heights,primary,Milgram & Van Houten data,0.0005,1.89,0.14,0.434,0.0004,,0.055,0.169,midpoint averages between measurement heights,"Milgram (1983), Table 2",https://doi.org/10.1017/S0022112083001950,"Selected dimensional tabular data. Blank gamma, alpha, or W cells indicate the variable is not reported for that table/row."
milgram_1983,Milgram 1983,Table 2,Primary entrainment-coefficient data at midpoint heights,primary,Milgram & Van Houten data,0.0005,2.49,0.18,0.434,0.0004,,0.074,0.158,midpoint averages between measurement heights,"Milgram (1983), Table 2",https://doi.org/10.1017/S0022112083001950,"Selected dimensional tabular data. Blank gamma, alpha, or W cells indicate the variable is not reported for that table/row."
milgram_1983,Milgram 1983,Table 2,Primary entrainment-coefficient data at midpoint heights,primary,Milgram & Van Houten data,0.00118,0.64,0.07,0.762,0.0009,,0.071,0.175,midpoint averages between measurement heights,"Milgram (1983), Table 2",https://doi.org/10.1017/S0022112083001950,"Selected dimensional tabular data. Blank gamma, alpha, or W cells indicate the variable is not reported for that table/row."
milgram_1983,Milgram 1983,Table 2,Primary entrainment-coefficient data at midpoint heights,primary,Milgram & Van Houten data,0.00118,1.27,0.12,0.568,0.001,,0.042,0.169,midpoint averages between measurement heights,"Milgram (1983), Table 2",https://doi.org/10.1017/S0022112083001950,"Selected dimensional tabular data. Blank gamma, alpha, or W cells indicate the variable is not reported for that table/row."
milgram_1983,Milgram 1983,Table 2,Primary entrainment-coefficient data at midpoint heights,primary,Milgram & Van Houten data,0.00118,1.89,0.16,0.493,0.001,,0.063,0.169,midpoint averages between measurement heights,"Milgram (1983), Table 2",https://doi.org/10.1017/S0022112083001950,"Selected dimensional tabular data. Blank gamma, alpha, or W cells indicate the variable is not reported for that table/row."
milgram_1983,Milgram 1983,Table 2,Primary entrainment-coefficient data at midpoint heights,primary,Milgram & Van Houten data,0.00118,2.49,0.22,0.484,0.0011,,0.118,0.158,midpoint averages between measurement heights,"Milgram (1983), Table 2",https://doi.org/10.1017/S0022112083001950,"Selected dimensional tabular data. Blank gamma, alpha, or W cells indicate the variable is not reported for that table/row."
milgram_1983,Milgram 1983,Table 2,Primary entrainment-coefficient data at midpoint heights,primary,Milgram & Van Houten data,0.00234,0.64,0.08,0.854,0.0018,,0.078,0.175,midpoint averages between measurement heights,"Milgram (1983), Table 2",https://doi.org/10.1017/S0022112083001950,"Selected dimensional tabular data. Blank gamma, alpha, or W cells indicate the variable is not reported for that table/row."
milgram_1983,Milgram 1983,Table 2,Primary entrainment-coefficient data at midpoint heights,primary,Milgram & Van Houten data,0.00234,1.27,0.14,0.63,0.0019,,0.06,0.169,midpoint averages between measurement heights,"Milgram (1983), Table 2",https://doi.org/10.1017/S0022112083001950,"Selected dimensional tabular data. Blank gamma, alpha, or W cells indicate the variable is not reported for that table/row."
milgram_1983,Milgram 1983,Table 2,Primary entrainment-coefficient data at midpoint heights,primary,Milgram & Van Houten data,0.00234,1.89,0.19,0.563,0.002,,0.083,0.169,midpoint averages between measurement heights,"Milgram (1983), Table 2",https://doi.org/10.1017/S0022112083001950,"Selected dimensional tabular data. Blank gamma, alpha, or W cells indicate the variable is not reported for that table/row."
milgram_1983,Milgram 1983,Table 2,Primary entrainment-coefficient data at midpoint heights,primary,Milgram & Van Houten data,0.00234,2.49,0.25,0.566,0.0021,,0.121,0.158,midpoint averages between measurement heights,"Milgram (1983), Table 2",https://doi.org/10.1017/S0022112083001950,"Selected dimensional tabular data. Blank gamma, alpha, or W cells indicate the variable is not reported for that table/row."
milgram_1983,Milgram 1983,Table 3,Secondary Kobus and Topham measurement-height plume properties,secondary,Kobus data,0.0004,0.71,0.079,0.388,0.0003,,,,smooth values at measurement heights,"Milgram (1983), Table 3",https://doi.org/10.1017/S0022112083001950,"Selected dimensional tabular data. Blank gamma, alpha, or W cells indicate the variable is not reported for that table/row."
milgram_1983,Milgram 1983,Table 3,Secondary Kobus and Topham measurement-height plume properties,secondary,Kobus data,0.0004,1.0,0.1,0.385,0.0003,2.78,,,smooth values at measurement heights,"Milgram (1983), Table 3",https://doi.org/10.1017/S0022112083001950,"Selected dimensional tabular data. Blank gamma, alpha, or W cells indicate the variable is not reported for that table/row."
milgram_1983,Milgram 1983,Table 3,Secondary Kobus and Topham measurement-height plume properties,secondary,Kobus data,0.0004,1.5,0.13,0.376,0.0003,2.4,,,smooth values at measurement heights,"Milgram (1983), Table 3",https://doi.org/10.1017/S0022112083001950,"Selected dimensional tabular data. Blank gamma, alpha, or W cells indicate the variable is not reported for that table/row."
milgram_1983,Milgram 1983,Table 3,Secondary Kobus and Topham measurement-height plume properties,secondary,Kobus data,0.0004,2.23,0.167,0.367,0.0003,2.19,,,smooth values at measurement heights,"Milgram (1983), Table 3",https://doi.org/10.1017/S0022112083001950,"Selected dimensional tabular data. Blank gamma, alpha, or W cells indicate the variable is not reported for that table/row."
milgram_1983,Milgram 1983,Table 3,Secondary Kobus and Topham measurement-height plume properties,secondary,Kobus data,0.0004,2.78,0.2,0.369,0.0003,1.89,,,smooth values at measurement heights,"Milgram (1983), Table 3",https://doi.org/10.1017/S0022112083001950,"Selected dimensional tabular data. Blank gamma, alpha, or W cells indicate the variable is not reported for that table/row."
milgram_1983,Milgram 1983,Table 3,Secondary Kobus and Topham measurement-height plume properties,secondary,Kobus data,0.0004,3.22,0.228,0.373,0.0004,1.64,,,smooth values at measurement heights,"Milgram (1983), Table 3",https://doi.org/10.1017/S0022112083001950,"Selected dimensional tabular data. Blank gamma, alpha, or W cells indicate the variable is not reported for that table/row."
milgram_1983,Milgram 1983,Table 3,Secondary Kobus and Topham measurement-height plume properties,secondary,Kobus data,0.0004,3.76,0.261,0.371,0.0004,1.5,,,smooth values at measurement heights,"Milgram (1983), Table 3",https://doi.org/10.1017/S0022112083001950,"Selected dimensional tabular data. Blank gamma, alpha, or W cells indicate the variable is not reported for that table/row."
milgram_1983,Milgram 1983,Table 3,Secondary Kobus and Topham measurement-height plume properties,secondary,Kobus data,0.0004,4.05,0.276,0.361,0.0004,1.53,,,smooth values at measurement heights,"Milgram (1983), Table 3",https://doi.org/10.1017/S0022112083001950,"Selected dimensional tabular data. Blank gamma, alpha, or W cells indicate the variable is not reported for that table/row."
milgram_1983,Milgram 1983,Table 3,Secondary Kobus and Topham measurement-height plume properties,secondary,Kobus data,0.00057,0.71,0.088,0.53,0.0004,,,,smooth values at measurement heights,"Milgram (1983), Table 3",https://doi.org/10.1017/S0022112083001950,"Selected dimensional tabular data. Blank gamma, alpha, or W cells indicate the variable is not reported for that table/row."
milgram_1983,Milgram 1983,Table 3,Secondary Kobus and Topham measurement-height plume properties,secondary,Kobus data,0.00057,1.0,0.11,0.533,0.0004,1.43,,,smooth values at measurement heights,"Milgram (1983), Table 3",https://doi.org/10.1017/S0022112083001950,"Selected dimensional tabular data. Blank gamma, alpha, or W cells indicate the variable is not reported for that table/row."
milgram_1983,Milgram 1983,Table 3,Secondary Kobus and Topham measurement-height plume properties,secondary,Kobus data,0.00057,1.5,0.144,0.509,0.0004,1.28,,,smooth values at measurement heights,"Milgram (1983), Table 3",https://doi.org/10.1017/S0022112083001950,"Selected dimensional tabular data. Blank gamma, alpha, or W cells indicate the variable is not reported for that table/row."
milgram_1983,Milgram 1983,Table 3,Secondary Kobus and Topham measurement-height plume properties,secondary,Kobus data,0.00057,2.23,0.189,0.463,0.0005,1.31,,,smooth values at measurement heights,"Milgram (1983), Table 3",https://doi.org/10.1017/S0022112083001950,"Selected dimensional tabular data. Blank gamma, alpha, or W cells indicate the variable is not reported for that table/row."
milgram_1983,Milgram 1983,Table 3,Secondary Kobus and Topham measurement-height plume properties,secondary,Kobus data,0.00057,2.78,0.221,0.466,0.0005,1.19,,,smooth values at measurement heights,"Milgram (1983), Table 3",https://doi.org/10.1017/S0022112083001950,"Selected dimensional tabular data. Blank gamma, alpha, or W cells indicate the variable is not reported for that table/row."
milgram_1983,Milgram 1983,Table 3,Secondary Kobus and Topham measurement-height plume properties,secondary,Kobus data,0.00057,3.22,0.248,0.484,0.0005,1.03,,,smooth values at measurement heights,"Milgram (1983), Table 3",https://doi.org/10.1017/S0022112083001950,"Selected dimensional tabular data. Blank gamma, alpha, or W cells indicate the variable is not reported for that table/row."
milgram_1983,Milgram 1983,Table 3,Secondary Kobus and Topham measurement-height plume properties,secondary,Kobus data,0.00057,3.76,0.285,0.478,0.0005,0.94,,,smooth values at measurement heights,"Milgram (1983), Table 3",https://doi.org/10.1017/S0022112083001950,"Selected dimensional tabular data. Blank gamma, alpha, or W cells indicate the variable is not reported for that table/row."
milgram_1983,Milgram 1983,Table 3,Secondary Kobus and Topham measurement-height plume properties,secondary,Kobus data,0.00057,4.15,0.316,0.426,0.0006,1.08,,,smooth values at measurement heights,"Milgram (1983), Table 3",https://doi.org/10.1017/S0022112083001950,"Selected dimensional tabular data. Blank gamma, alpha, or W cells indicate the variable is not reported for that table/row."
milgram_1983,Milgram 1983,Table 3,Secondary Kobus and Topham measurement-height plume properties,secondary,Topham data,0.367,5.0,1.674,1.238,0.0567,,,,smooth values at measurement heights,"Milgram (1983), Table 3",https://doi.org/10.1017/S0022112083001950,"Selected dimensional tabular data. Blank gamma, alpha, or W cells indicate the variable is not reported for that table/row."
milgram_1983,Milgram 1983,Table 3,Secondary Kobus and Topham measurement-height plume properties,secondary,Topham data,0.367,14.0,3.067,1.375,0.0659,0.32,,,smooth values at measurement heights,"Milgram (1983), Table 3",https://doi.org/10.1017/S0022112083001950,"Selected dimensional tabular data. Blank gamma, alpha, or W cells indicate the variable is not reported for that table/row."
milgram_1983,Milgram 1983,Table 3,Secondary Kobus and Topham measurement-height plume properties,secondary,Topham data,0.367,23.0,4.444,1.266,0.0785,0.29,,,smooth values at measurement heights,"Milgram (1983), Table 3",https://doi.org/10.1017/S0022112083001950,"Selected dimensional tabular data. Blank gamma, alpha, or W cells indicate the variable is not reported for that table/row."
milgram_1983,Milgram 1983,Table 3,Secondary Kobus and Topham measurement-height plume properties,secondary,Topham data,0.367,32.0,5.43,1.141,0.097,0.36,,,smooth values at measurement heights,"Milgram (1983), Table 3",https://doi.org/10.1017/S0022112083001950,"Selected dimensional tabular data. Blank gamma, alpha, or W cells indicate the variable is not reported for that table/row."
milgram_1983,Milgram 1983,Table 3,Secondary Kobus and Topham measurement-height plume properties,secondary,Topham data,0.367,42.0,5.609,1.262,0.1316,0.4,,,smooth values at measurement heights,"Milgram (1983), Table 3",https://doi.org/10.1017/S0022112083001950,"Selected dimensional tabular data. Blank gamma, alpha, or W cells indicate the variable is not reported for that table/row."
milgram_1983,Milgram 1983,Table 3,Secondary Kobus and Topham measurement-height plume properties,secondary,Topham data,0.367,48.0,5.048,1.593,0.1674,0.38,,,smooth values at measurement heights,"Milgram (1983), Table 3",https://doi.org/10.1017/S0022112083001950,"Selected dimensional tabular data. Blank gamma, alpha, or W cells indicate the variable is not reported for that table/row."
milgram_1983,Milgram 1983,Table 3,Secondary Kobus and Topham measurement-height plume properties,secondary,Topham data,0.443,5.0,1.544,1.438,0.0685,,,,smooth values at measurement heights,"Milgram (1983), Table 3",https://doi.org/10.1017/S0022112083001950,"Selected dimensional tabular data. Blank gamma, alpha, or W cells indicate the variable is not reported for that table/row."
milgram_1983,Milgram 1983,Table 3,Secondary Kobus and Topham measurement-height plume properties,secondary,Topham data,0.443,15.0,2.053,1.517,0.0809,0.64,,,smooth values at measurement heights,"Milgram (1983), Table 3",https://doi.org/10.1017/S0022112083001950,"Selected dimensional tabular data. Blank gamma, alpha, or W cells indicate the variable is not reported for that table/row."
milgram_1983,Milgram 1983,Table 3,Secondary Kobus and Topham measurement-height plume properties,secondary,Topham data,0.443,24.0,2.888,1.187,0.0968,0.89,,,smooth values at measurement heights,"Milgram (1983), Table 3",https://doi.org/10.1017/S0022112083001950,"Selected dimensional tabular data. Blank gamma, alpha, or W cells indicate the variable is not reported for that table/row."
milgram_1983,Milgram 1983,Table 3,Secondary Kobus and Topham measurement-height plume properties,secondary,Topham data,0.443,34.0,4.115,0.878,0.1236,1.35,,,smooth values at measurement heights,"Milgram (1983), Table 3",https://doi.org/10.1017/S0022112083001950,"Selected dimensional tabular data. Blank gamma, alpha, or W cells indicate the variable is not reported for that table/row."
milgram_1983,Milgram 1983,Table 3,Secondary Kobus and Topham measurement-height plume properties,secondary,Topham data,0.443,42.7,5.339,1.068,0.1629,0.79,,,smooth values at measurement heights,"Milgram (1983), Table 3",https://doi.org/10.1017/S0022112083001950,"Selected dimensional tabular data. Blank gamma, alpha, or W cells indicate the variable is not reported for that table/row."
milgram_1983,Milgram 1983,Table 3,Secondary Kobus and Topham measurement-height plume properties,secondary,Topham data,0.66,4.5,1.191,1.226,0.1134,,,,smooth values at measurement heights,"Milgram (1983), Table 3",https://doi.org/10.1017/S0022112083001950,"Selected dimensional tabular data. Blank gamma, alpha, or W cells indicate the variable is not reported for that table/row."
milgram_1983,Milgram 1983,Table 3,Secondary Kobus and Topham measurement-height plume properties,secondary,Topham data,0.66,7.6,1.52,1.501,0.1197,1.23,,,smooth values at measurement heights,"Milgram (1983), Table 3",https://doi.org/10.1017/S0022112083001950,"Selected dimensional tabular data. Blank gamma, alpha, or W cells indicate the variable is not reported for that table/row."
milgram_1983,Milgram 1983,Table 3,Secondary Kobus and Topham measurement-height plume properties,secondary,Topham data,0.66,17.0,2.948,1.57,0.1442,0.55,,,smooth values at measurement heights,"Milgram (1983), Table 3",https://doi.org/10.1017/S0022112083001950,"Selected dimensional tabular data. Blank gamma, alpha, or W cells indicate the variable is not reported for that table/row."
milgram_1983,Milgram 1983,Table 3,Secondary Kobus and Topham measurement-height plume properties,secondary,Topham data,0.66,26.0,4.467,1.116,0.1792,0.8,,,smooth values at measurement heights,"Milgram (1983), Table 3",https://doi.org/10.1017/S0022112083001950,"Selected dimensional tabular data. Blank gamma, alpha, or W cells indicate the variable is not reported for that table/row."
milgram_1983,Milgram 1983,Table 3,Secondary Kobus and Topham measurement-height plume properties,secondary,Topham data,0.66,32.0,5.281,0.877,0.2138,1.29,,,smooth values at measurement heights,"Milgram (1983), Table 3",https://doi.org/10.1017/S0022112083001950,"Selected dimensional tabular data. Blank gamma, alpha, or W cells indicate the variable is not reported for that table/row."
milgram_1983,Milgram 1983,Table 3,Secondary Kobus and Topham measurement-height plume properties,secondary,Topham data,0.66,42.0,5.771,1.221,0.3153,0.89,,,smooth values at measurement heights,"Milgram (1983), Table 3",https://doi.org/10.1017/S0022112083001950,"Selected dimensional tabular data. Blank gamma, alpha, or W cells indicate the variable is not reported for that table/row."
milgram_1983,Milgram 1983,Table 4,Secondary Kobus and Topham entrainment-coefficient data at midpoint heights,secondary,Kobus data,0.0004,0.86,0.09,0.386,0.0003,,0.074,0.064,midpoint averages between measurement heights,"Milgram (1983), Table 4",https://doi.org/10.1017/S0022112083001950,"Selected dimensional tabular data. Blank gamma, alpha, or W cells indicate the variable is not reported for that table/row."
milgram_1983,Milgram 1983,Table 4,Secondary Kobus and Topham entrainment-coefficient data at midpoint heights,secondary,Kobus data,0.0004,1.25,0.12,0.381,0.0003,,0.057,0.111,midpoint averages between measurement heights,"Milgram (1983), Table 4",https://doi.org/10.1017/S0022112083001950,"Selected dimensional tabular data. Blank gamma, alpha, or W cells indicate the variable is not reported for that table/row."
milgram_1983,Milgram 1983,Table 4,Secondary Kobus and Topham entrainment-coefficient data at midpoint heights,secondary,Kobus data,0.0004,1.86,0.15,0.372,0.0003,,0.048,0.162,midpoint averages between measurement heights,"Milgram (1983), Table 4",https://doi.org/10.1017/S0022112083001950,"Selected dimensional tabular data. Blank gamma, alpha, or W cells indicate the variable is not reported for that table/row."
milgram_1983,Milgram 1983,Table 4,Secondary Kobus and Topham entrainment-coefficient data at midpoint heights,secondary,Kobus data,0.0004,2.51,0.18,0.368,0.0003,,0.06,0.122,midpoint averages between measurement heights,"Milgram (1983), Table 4",https://doi.org/10.1017/S0022112083001950,"Selected dimensional tabular data. Blank gamma, alpha, or W cells indicate the variable is not reported for that table/row."
milgram_1983,Milgram 1983,Table 4,Secondary Kobus and Topham entrainment-coefficient data at midpoint heights,secondary,Kobus data,0.0004,3.0,0.21,0.371,0.0004,,0.067,0.098,midpoint averages between measurement heights,"Milgram (1983), Table 4",https://doi.org/10.1017/S0022112083001950,"Selected dimensional tabular data. Blank gamma, alpha, or W cells indicate the variable is not reported for that table/row."
milgram_1983,Milgram 1983,Table 4,Secondary Kobus and Topham entrainment-coefficient data at midpoint heights,secondary,Kobus data,0.0004,3.49,0.24,0.372,0.0004,,0.059,0.12,midpoint averages between measurement heights,"Milgram (1983), Table 4",https://doi.org/10.1017/S0022112083001950,"Selected dimensional tabular data. Blank gamma, alpha, or W cells indicate the variable is not reported for that table/row."
milgram_1983,Milgram 1983,Table 4,Secondary Kobus and Topham entrainment-coefficient data at midpoint heights,secondary,Kobus data,0.0004,3.9,0.27,0.366,0.0004,,0.04,0.064,midpoint averages between measurement heights,"Milgram (1983), Table 4",https://doi.org/10.1017/S0022112083001950,"Selected dimensional tabular data. Blank gamma, alpha, or W cells indicate the variable is not reported for that table/row."
milgram_1983,Milgram 1983,Table 4,Secondary Kobus and Topham entrainment-coefficient data at midpoint heights,secondary,Kobus data,0.00057,0.86,0.1,0.531,0.0004,,0.077,0.064,midpoint averages between measurement heights,"Milgram (1983), Table 4",https://doi.org/10.1017/S0022112083001950,"Selected dimensional tabular data. Blank gamma, alpha, or W cells indicate the variable is not reported for that table/row."
milgram_1983,Milgram 1983,Table 4,Secondary Kobus and Topham entrainment-coefficient data at midpoint heights,secondary,Kobus data,0.00057,1.25,0.13,0.521,0.0004,,0.063,0.111,midpoint averages between measurement heights,"Milgram (1983), Table 4",https://doi.org/10.1017/S0022112083001950,"Selected dimensional tabular data. Blank gamma, alpha, or W cells indicate the variable is not reported for that table/row."
milgram_1983,Milgram 1983,Table 4,Secondary Kobus and Topham entrainment-coefficient data at midpoint heights,secondary,Kobus data,0.00057,1.86,0.17,0.486,0.0004,,0.05,0.162,midpoint averages between measurement heights,"Milgram (1983), Table 4",https://doi.org/10.1017/S0022112083001950,"Selected dimensional tabular data. Blank gamma, alpha, or W cells indicate the variable is not reported for that table/row."
milgram_1983,Milgram 1983,Table 4,Secondary Kobus and Topham entrainment-coefficient data at midpoint heights,secondary,Kobus data,0.00057,2.51,0.21,0.465,0.0005,,0.06,0.122,midpoint averages between measurement heights,"Milgram (1983), Table 4",https://doi.org/10.1017/S0022112083001950,"Selected dimensional tabular data. Blank gamma, alpha, or W cells indicate the variable is not reported for that table/row."
milgram_1983,Milgram 1983,Table 4,Secondary Kobus and Topham entrainment-coefficient data at midpoint heights,secondary,Kobus data,0.00057,3.0,0.23,0.475,0.0005,,0.071,0.098,midpoint averages between measurement heights,"Milgram (1983), Table 4",https://doi.org/10.1017/S0022112083001950,"Selected dimensional tabular data. Blank gamma, alpha, or W cells indicate the variable is not reported for that table/row."
milgram_1983,Milgram 1983,Table 4,Secondary Kobus and Topham entrainment-coefficient data at midpoint heights,secondary,Kobus data,0.00057,3.49,0.27,0.481,0.0005,,0.065,0.12,midpoint averages between measurement heights,"Milgram (1983), Table 4",https://doi.org/10.1017/S0022112083001950,"Selected dimensional tabular data. Blank gamma, alpha, or W cells indicate the variable is not reported for that table/row."
milgram_1983,Milgram 1983,Table 4,Secondary Kobus and Topham entrainment-coefficient data at midpoint heights,secondary,Kobus data,0.00057,3.95,0.3,0.452,0.0005,,0.035,0.087,midpoint averages between measurement heights,"Milgram (1983), Table 4",https://doi.org/10.1017/S0022112083001950,"Selected dimensional tabular data. Blank gamma, alpha, or W cells indicate the variable is not reported for that table/row."
milgram_1983,Milgram 1983,Table 4,Secondary Kobus and Topham entrainment-coefficient data at midpoint heights,secondary,Topham data,0.367,9.5,2.37,1.307,0.061,,0.17,0.15,midpoint averages between measurement heights,"Milgram (1983), Table 4",https://doi.org/10.1017/S0022112083001950,"Selected dimensional tabular data. Blank gamma, alpha, or W cells indicate the variable is not reported for that table/row."
milgram_1983,Milgram 1983,Table 4,Secondary Kobus and Topham entrainment-coefficient data at midpoint heights,secondary,Topham data,0.367,18.5,3.76,1.321,0.0716,,0.135,0.15,midpoint averages between measurement heights,"Milgram (1983), Table 4",https://doi.org/10.1017/S0022112083001950,"Selected dimensional tabular data. Blank gamma, alpha, or W cells indicate the variable is not reported for that table/row."
milgram_1983,Milgram 1983,Table 4,Secondary Kobus and Topham entrainment-coefficient data at midpoint heights,secondary,Topham data,0.367,27.5,4.94,1.204,0.0867,,0.081,0.15,midpoint averages between measurement heights,"Milgram (1983), Table 4",https://doi.org/10.1017/S0022112083001950,"Selected dimensional tabular data. Blank gamma, alpha, or W cells indicate the variable is not reported for that table/row."
milgram_1983,Milgram 1983,Table 4,Secondary Kobus and Topham entrainment-coefficient data at midpoint heights,secondary,Topham data,0.367,37.0,5.52,1.202,0.1117,,0.046,0.167,midpoint averages between measurement heights,"Milgram (1983), Table 4",https://doi.org/10.1017/S0022112083001950,"Selected dimensional tabular data. Blank gamma, alpha, or W cells indicate the variable is not reported for that table/row."
milgram_1983,Milgram 1983,Table 4,Secondary Kobus and Topham entrainment-coefficient data at midpoint heights,secondary,Topham data,0.367,45.0,5.33,1.428,0.1473,,0.01,0.1,midpoint averages between measurement heights,"Milgram (1983), Table 4",https://doi.org/10.1017/S0022112083001950,"Selected dimensional tabular data. Blank gamma, alpha, or W cells indicate the variable is not reported for that table/row."
milgram_1983,Milgram 1983,Table 4,Secondary Kobus and Topham entrainment-coefficient data at midpoint heights,secondary,Topham data,0.443,10.0,1.8,1.478,0.0742,,0.056,0.167,midpoint averages between measurement heights,"Milgram (1983), Table 4",https://doi.org/10.1017/S0022112083001950,"Selected dimensional tabular data. Blank gamma, alpha, or W cells indicate the variable is not reported for that table/row."
milgram_1983,Milgram 1983,Table 4,Secondary Kobus and Topham entrainment-coefficient data at midpoint heights,secondary,Topham data,0.443,19.5,2.47,1.352,0.0881,,0.058,0.15,midpoint averages between measurement heights,"Milgram (1983), Table 4",https://doi.org/10.1017/S0022112083001950,"Selected dimensional tabular data. Blank gamma, alpha, or W cells indicate the variable is not reported for that table/row."
milgram_1983,Milgram 1983,Table 4,Secondary Kobus and Topham entrainment-coefficient data at midpoint heights,secondary,Topham data,0.443,29.0,3.5,1.033,0.1085,,0.069,0.167,midpoint averages between measurement heights,"Milgram (1983), Table 4",https://doi.org/10.1017/S0022112083001950,"Selected dimensional tabular data. Blank gamma, alpha, or W cells indicate the variable is not reported for that table/row."
milgram_1983,Milgram 1983,Table 4,Secondary Kobus and Topham entrainment-coefficient data at midpoint heights,secondary,Topham data,0.443,38.35,4.73,0.973,0.1405,,0.195,0.145,midpoint averages between measurement heights,"Milgram (1983), Table 4",https://doi.org/10.1017/S0022112083001950,"Selected dimensional tabular data. Blank gamma, alpha, or W cells indicate the variable is not reported for that table/row."
milgram_1983,Milgram 1983,Table 4,Secondary Kobus and Topham entrainment-coefficient data at midpoint heights,secondary,Topham data,0.66,6.05,1.36,1.364,0.1165,,0.151,0.058,midpoint averages between measurement heights,"Milgram (1983), Table 4",https://doi.org/10.1017/S0022112083001950,"Selected dimensional tabular data. Blank gamma, alpha, or W cells indicate the variable is not reported for that table/row."
milgram_1983,Milgram 1983,Table 4,Secondary Kobus and Topham entrainment-coefficient data at midpoint heights,secondary,Topham data,0.66,12.3,2.23,1.535,0.1308,,0.158,0.177,midpoint averages between measurement heights,"Milgram (1983), Table 4",https://doi.org/10.1017/S0022112083001950,"Selected dimensional tabular data. Blank gamma, alpha, or W cells indicate the variable is not reported for that table/row."
milgram_1983,Milgram 1983,Table 4,Secondary Kobus and Topham entrainment-coefficient data at midpoint heights,secondary,Topham data,0.66,21.5,3.71,1.343,0.1598,,0.096,0.17,midpoint averages between measurement heights,"Milgram (1983), Table 4",https://doi.org/10.1017/S0022112083001950,"Selected dimensional tabular data. Blank gamma, alpha, or W cells indicate the variable is not reported for that table/row."
milgram_1983,Milgram 1983,Table 4,Secondary Kobus and Topham entrainment-coefficient data at midpoint heights,secondary,Topham data,0.66,29.0,4.87,0.996,0.1949,,0.037,0.113,midpoint averages between measurement heights,"Milgram (1983), Table 4",https://doi.org/10.1017/S0022112083001950,"Selected dimensional tabular data. Blank gamma, alpha, or W cells indicate the variable is not reported for that table/row."
milgram_1983,Milgram 1983,Table 4,Secondary Kobus and Topham entrainment-coefficient data at midpoint heights,secondary,Topham data,0.66,37.0,5.53,1.049,0.2548,,0.14,0.189,midpoint averages between measurement heights,"Milgram (1983), Table 4",https://doi.org/10.1017/S0022112083001950,"Selected dimensional tabular data. Blank gamma, alpha, or W cells indicate the variable is not reported for that table/row."
